Date,BV010082.Index,CVIX.Index,DXY.Curncy,SPX.Index,VIX.Index
01/01/2020,1.6421,5.71,96.445,3230.78,13.78
01/02/2020,1.6305,5.78,96.846,3257.85,12.47
01/03/2020,1.6075,5.47,96.838,3234.85,14.02
01/04/2020,,,,,
01/05/2020,,,,,
01/06/2020,1.6141,5.72,96.671,3246.28,13.85
01/07/2020,1.6148,5.48,97.005,3237.18,13.79
01/08/2020,1.6287,5.39,97.299,3253.05,13.45
01/09/2020,1.6303,5.27,97.45,3274.7,12.54
01/10/2020,1.6263,5.12,97.356,3265.35,12.56
01/11/2020,,,,,
01/12/2020,,,,,
01/13/2020,1.6355,5.13,97.345,3288.13,12.32
01/14/2020,1.6282,5.05,97.372,3283.15,12.39
01/15/2020,1.6208,5.06,97.229,3289.29,12.42
01/16/2020,1.6162,4.98,97.32,3316.81,12.32
01/17/2020,1.6179,4.96,97.606,3329.62,12.1
01/18/2020,,,,,
01/19/2020,,,,,
01/20/2020,1.6179,4.92,97.606,3329.62,12.1
01/21/2020,1.5972,4.97,97.531,3320.79,12.85
01/22/2020,1.591,4.88,97.527,3321.75,12.91
01/23/2020,1.5871,4.97,97.693,3325.54,12.98
01/24/2020,1.5767,4.92,97.853,3295.47,14.56
01/25/2020,,,,,
01/26/2020,,,,,
01/27/2020,1.5519,5.16,97.956,3243.63,18.23
01/28/2020,1.5699,5.14,98.018,3276.24,16.28
01/29/2020,1.5546,5.01,97.991,3273.4,16.39
01/30/2020,1.5405,5.12,97.867,3283.66,15.49
01/31/2020,1.4979,5.42,97.39,3225.52,18.84
02/01/2020,,,,,
02/02/2020,,,,,
02/03/2020,1.5131,5.37,97.8,3248.92,17.97
02/04/2020,1.5415,5.19,97.961,3297.59,16.05
02/05/2020,1.5587,4.9,98.301,3334.69,15.15
02/06/2020,1.5632,4.9,98.496,3345.78,14.96
02/07/2020,1.5405,5.0,98.684,3327.71,15.47
02/08/2020,,,,,
02/09/2020,,,,,
02/10/2020,1.5271,5.01,98.832,3352.09,15.04
02/11/2020,1.5443,4.94,98.721,3357.75,15.18
02/12/2020,1.5557,4.87,99.049,3379.45,13.74
02/13/2020,1.5536,5.18,99.067,3373.94,14.15
02/14/2020,1.5437,5.16,99.124,3380.16,13.68
02/15/2020,,,,,
02/16/2020,,,,,
02/17/2020,1.5437,4.97,99.003,3380.16,13.68
02/18/2020,1.5286,5.08,99.44,3370.29,14.83
02/19/2020,1.5317,5.15,99.705,3386.15,14.38
02/20/2020,1.5142,5.37,99.865,3373.23,15.56
02/21/2020,1.485,5.38,99.262,3337.75,17.08
02/22/2020,,,,,
02/23/2020,,,,,
02/24/2020,1.4186,5.71,99.359,3225.89,25.03
02/25/2020,1.3855,5.59,98.968,3128.21,27.85
02/26/2020,1.3551,5.98,98.996,3116.39,27.56
02/27/2020,1.2824,6.27,98.508,2978.76,39.16
02/28/2020,1.1135,6.27,98.132,2954.22,40.11
02/29/2020,,,,,
03/01/2020,,,,,
03/02/2020,1.0771,7.23,97.36,3090.23,33.42
03/03/2020,0.8758,6.75,97.153,3003.37,36.82
03/04/2020,0.7612,6.75,97.336,3130.12,31.99
03/05/2020,0.6564,6.45,96.82,3023.94,39.62
03/06/2020,0.603,8.35,95.951,2972.37,41.94
03/07/2020,,,,,
03/08/2020,,,,,
03/09/2020,0.5108,10.18,94.895,2746.56,54.46
03/10/2020,0.6387,8.99,96.414,2882.23,47.3
03/11/2020,0.6405,9.72,96.507,2741.38,53.9
03/12/2020,0.5999,13.5,97.468,2480.64,75.47
03/13/2020,0.6227,10.94,98.749,2711.02,57.83
03/14/2020,,,,,
03/15/2020,,,,,
03/16/2020,0.5374,12.61,98.069,2386.13,82.69
03/17/2020,0.5536,12.42,99.575,2529.19,75.91
03/18/2020,0.5399,12.69,101.16,2398.1,76.45
03/19/2020,0.4637,16.36,102.755,2409.39,72.0
03/20/2020,0.3535,14.17,102.817,2304.92,66.04
03/21/2020,,,,,
03/22/2020,,,,,
03/23/2020,0.3306,14.81,102.487,2237.4,61.59
03/24/2020,0.3486,12.18,102.039,2447.33,61.67
03/25/2020,0.2839,10.66,101.05,2475.56,63.95
03/26/2020,0.2526,11.51,99.352,2630.07,61.0
03/27/2020,0.2468,11.06,98.365,2541.47,65.54
03/28/2020,,,,,
03/29/2020,,,,,
03/30/2020,0.2384,11.35,99.181,2626.65,57.08
03/31/2020,0.2513,10.39,99.048,2584.59,53.54
04/01/2020,0.2672,10.31,99.673,2470.5,57.06
04/02/2020,0.2416,10.29,100.18,2526.9,50.91
04/03/2020,0.2352,10.63,100.576,2488.65,46.8
04/04/2020,,,,,
04/05/2020,,,,,
04/06/2020,0.2593,10.22,100.685,2663.68,45.24
04/07/2020,0.2505,9.58,99.9,2659.41,46.7
04/08/2020,0.2466,9.46,100.119,2749.98,43.35
04/09/2020,0.2502,9.06,99.517,2789.82,41.67
04/10/2020,0.2502,9.06,99.482,2789.82,41.67
04/11/2020,,,,,
04/12/2020,,,,,
04/13/2020,0.2531,8.76,99.348,2761.63,41.17
04/14/2020,0.2353,8.58,98.887,2846.06,37.76
04/15/2020,0.2078,8.56,99.461,2783.36,40.84
04/16/2020,0.2033,8.91,100.025,2799.55,40.11
04/17/2020,0.2009,9.03,99.782,2874.56,38.15
04/18/2020,,,,,
04/19/2020,,,,,
04/20/2020,0.1961,8.84,99.955,2823.16,43.83
04/21/2020,0.1873,9.2,100.258,2736.56,45.41
04/22/2020,0.1864,9.11,100.388,2799.31,41.98
04/23/2020,0.1904,9.23,100.433,2797.8,41.38
04/24/2020,0.1911,9.22,100.38,2836.74,35.93
04/25/2020,,,,,
04/26/2020,,,,,
04/27/2020,0.1974,8.77,100.041,2878.48,33.29
04/28/2020,0.1809,8.72,99.865,2863.39,33.57
04/29/2020,0.1892,8.23,99.565,2939.51,31.23
04/30/2020,0.1807,7.83,99.016,2912.43,34.15
05/01/2020,0.1909,8.1,99.079,2830.71,37.19
05/02/2020,,,,,
05/03/2020,,,,,
05/04/2020,0.178,8.42,99.484,2842.74,35.97
05/05/2020,0.181,8.3,99.709,2868.44,33.61
05/06/2020,0.1799,8.42,100.091,2848.42,34.12
05/07/2020,0.1544,8.43,99.889,2881.19,31.44
05/08/2020,0.1686,8.43,99.734,2929.8,27.98
05/09/2020,,,,,
05/10/2020,,,,,
05/11/2020,0.1846,8.43,100.236,2930.32,27.57
05/12/2020,0.1811,8.02,99.933,2870.12,33.04
05/13/2020,0.1791,7.92,100.242,2820.0,35.28
05/14/2020,0.1659,8.06,100.466,2852.5,32.61
05/15/2020,0.1707,8.01,100.402,2863.7,31.89
05/16/2020,,,,,
05/17/2020,,,,,
05/18/2020,0.1797,8.07,99.665,2953.91,29.3
05/19/2020,0.1714,7.84,99.371,2922.94,30.53
05/20/2020,0.1701,7.74,99.124,2971.61,27.99
05/21/2020,0.1671,7.54,99.37,2948.51,29.53
05/22/2020,0.1775,7.65,99.863,2955.45,28.16
05/23/2020,,,,,
05/24/2020,,,,,
05/25/2020,0.1775,7.46,99.863,2955.45,28.16
05/26/2020,0.1829,7.19,98.908,2991.77,28.01
05/27/2020,0.1923,6.86,99.062,3036.13,27.62
05/28/2020,0.1935,6.93,98.383,3029.73,28.59
05/29/2020,0.1897,7.16,98.344,3044.31,27.51
05/30/2020,,,,,
05/31/2020,,,,,
06/01/2020,0.1913,6.98,97.83,3055.73,28.23
06/02/2020,0.1964,6.9,97.673,3080.82,26.84
06/03/2020,0.2109,7.0,97.276,3122.87,25.66
06/04/2020,0.2053,6.98,96.677,3112.35,25.81
06/05/2020,0.2184,6.98,96.937,3193.93,24.52
06/06/2020,,,,,
06/07/2020,,,,,
06/08/2020,0.2243,6.98,96.618,3232.39,25.81
06/09/2020,0.2172,7.32,96.324,3207.18,27.57
06/10/2020,0.2033,7.66,95.959,3190.14,27.57
06/11/2020,0.2138,7.72,96.733,3002.1,40.79
06/12/2020,0.213,8.18,97.319,3041.31,36.09
06/13/2020,,,,,
06/14/2020,,,,,
06/15/2020,0.2085,8.38,96.706,3066.59,34.4
06/16/2020,0.2124,7.97,96.958,3124.74,33.67
06/17/2020,0.2091,8.03,97.158,3113.49,33.47
06/18/2020,0.2043,8.04,97.421,3115.34,32.94
06/19/2020,0.1987,7.94,97.623,3097.74,35.12
06/20/2020,,,,,
06/21/2020,,,,,
06/22/2020,0.1985,7.83,97.039,3117.86,31.77
06/23/2020,0.1993,7.95,96.646,3131.29,31.37
06/24/2020,0.1911,7.89,97.148,3050.33,33.84
06/25/2020,0.1917,8.1,97.429,3083.76,32.22
06/26/2020,0.1812,7.75,97.433,3009.05,34.73
06/27/2020,,,,,
06/28/2020,,,,,
06/29/2020,0.1795,7.74,97.536,3053.24,31.78
06/30/2020,0.1756,7.59,97.391,3100.29,30.43
07/01/2020,0.1826,7.39,97.196,3115.86,28.62
07/02/2020,0.1788,7.35,97.317,3130.01,27.68
07/03/2020,0.1788,7.01,97.172,3130.01,27.68
07/04/2020,,,,,
07/05/2020,,,,,
07/06/2020,0.1793,6.91,96.725,3179.72,27.94
07/07/2020,0.1803,6.97,96.881,3145.32,29.43
07/08/2020,0.1762,6.92,96.428,3169.94,28.08
07/09/2020,0.1733,6.91,96.7,3152.05,29.26
07/10/2020,0.1689,6.97,96.652,3185.04,27.29
07/11/2020,,,,,
07/12/2020,,,,,
07/13/2020,0.1693,6.81,96.464,3155.22,32.19
07/14/2020,0.1689,6.94,96.259,3197.52,29.52
07/15/2020,0.1651,6.92,96.081,3226.56,27.76
07/16/2020,0.1569,6.78,96.346,3215.57,28.0
07/17/2020,0.1568,6.78,95.942,3224.73,25.68
07/18/2020,,,,,
07/19/2020,,,,,
07/20/2020,0.1551,6.69,95.832,3251.84,24.46
07/21/2020,0.1521,6.58,95.117,3257.3,24.84
07/22/2020,0.1555,6.78,94.988,3276.02,24.32
07/23/2020,0.1581,6.8,94.692,3235.66,26.08
07/24/2020,0.1556,7.1,94.435,3215.63,25.84
07/25/2020,,,,,
07/26/2020,,,,,
07/27/2020,0.1603,7.72,93.668,3239.41,24.74
07/28/2020,0.151,7.8,93.696,3218.44,25.44
07/29/2020,0.1437,7.75,93.453,3258.44,24.1
07/30/2020,0.1403,7.65,93.021,3246.22,24.76
07/31/2020,0.1312,8.08,93.349,3271.12,24.46
08/01/2020,,,,,
08/02/2020,,,,,
08/03/2020,0.1298,7.78,93.542,3294.61,24.28
08/04/2020,0.1284,8.25,93.382,3306.51,23.76
08/05/2020,0.1345,8.36,92.868,3327.77,22.99
08/06/2020,0.1337,8.57,92.788,3349.16,22.65
08/07/2020,0.1406,8.51,93.435,3351.28,22.21
08/08/2020,,,,,
08/09/2020,,,,,
08/10/2020,0.1429,8.02,93.582,3360.47,22.13
08/11/2020,0.1556,7.89,93.628,3333.69,24.03
08/12/2020,0.1585,7.99,93.443,3380.35,22.28
08/13/2020,0.1598,8.1,93.335,3373.43,22.13
08/14/2020,0.1513,8.1,93.096,3372.85,22.05
08/15/2020,,,,,
08/16/2020,,,,,
08/17/2020,0.1496,8.14,92.851,3381.99,21.35
08/18/2020,0.1476,8.35,92.271,3389.78,21.51
08/19/2020,0.1454,8.63,92.887,3374.85,22.54
08/20/2020,0.1467,8.49,92.793,3385.51,22.72
08/21/2020,0.1496,8.43,93.247,3397.16,22.54
08/22/2020,,,,,
08/23/2020,,,,,
08/24/2020,0.154,8.3,93.298,3431.28,22.37
08/25/2020,0.1542,8.24,93.019,3443.62,22.03
08/26/2020,0.1533,8.05,93.006,3478.73,23.27
08/27/2020,0.1539,8.02,93.001,3484.55,24.47
08/28/2020,0.1405,8.19,92.371,3508.01,22.96
08/29/2020,,,,,
08/30/2020,,,,,
08/31/2020,0.1413,8.23,92.144,3500.31,26.41
09/01/2020,0.1441,8.38,92.338,3526.65,26.12
09/02/2020,0.1449,8.15,92.847,3580.84,26.57
09/03/2020,0.1383,8.21,92.739,3455.06,33.6
09/04/2020,0.1487,8.21,92.719,3426.96,30.75
09/05/2020,,,,,
09/06/2020,,,,,
09/07/2020,0.1487,8.36,92.719,3426.96,30.75
09/08/2020,0.1478,8.71,93.445,3331.84,31.46
09/09/2020,0.1502,8.73,93.255,3398.96,28.81
09/10/2020,0.1492,8.64,93.336,3339.19,29.71
09/11/2020,0.145,8.88,93.333,3340.97,26.87
09/12/2020,,,,,
09/13/2020,,,,,
09/14/2020,0.1466,8.79,93.052,3383.54,25.85
09/15/2020,0.1453,8.79,93.05,3401.2,25.59
09/16/2020,0.1411,8.74,93.214,3385.49,26.04
09/17/2020,0.1387,8.68,92.97,3357.01,26.46
09/18/2020,0.1403,8.6,92.926,3319.47,25.83
09/19/2020,,,,,
09/20/2020,,,,,
09/21/2020,0.1376,8.58,93.656,3281.06,27.78
09/22/2020,0.1378,8.89,93.988,3315.57,26.86
09/23/2020,0.1405,8.77,94.389,3236.92,28.58
09/24/2020,0.1369,8.91,94.354,3246.59,28.51
09/25/2020,0.1354,8.65,94.642,3298.46,26.38
09/26/2020,,,,,
09/27/2020,,,,,
09/28/2020,0.1326,8.58,94.278,3351.6,26.19
09/29/2020,0.1304,8.4,93.891,3335.47,26.27
09/30/2020,0.1332,8.27,93.886,3363.0,26.37
10/01/2020,0.1339,8.21,93.711,3380.8,26.7
10/02/2020,0.135,8.31,93.844,3348.44,27.63
10/03/2020,,,,,
10/04/2020,,,,,
10/05/2020,0.1384,8.18,93.513,3408.63,27.96
10/06/2020,0.1418,8.11,93.686,3360.95,29.48
10/07/2020,0.1421,8.16,93.63,3419.45,28.06
10/08/2020,0.1388,8.06,93.605,3446.83,26.36
10/09/2020,0.144,7.75,93.057,3477.13,25.0
10/10/2020,,,,,
10/11/2020,,,,,
10/12/2020,0.144,7.7,93.065,3534.22,25.07
10/13/2020,0.1385,7.62,93.531,3511.93,26.07
10/14/2020,0.1362,7.57,93.382,3488.67,26.4
10/15/2020,0.1367,7.72,93.856,3483.34,26.97
10/16/2020,0.1363,7.53,93.682,3483.81,27.41
10/17/2020,,,,,
10/18/2020,,,,,
10/19/2020,0.1426,7.44,93.427,3426.92,29.18
10/20/2020,0.1405,7.67,93.067,3443.12,29.35
10/21/2020,0.1403,7.87,92.611,3435.56,28.65
10/22/2020,0.1423,7.86,92.951,3453.49,28.11
10/23/2020,0.1451,7.74,92.768,3465.39,27.55
10/24/2020,,,,,
10/25/2020,,,,,
10/26/2020,0.1401,7.72,93.045,3400.97,32.46
10/27/2020,0.1416,7.87,92.94,3390.68,33.35
10/28/2020,0.1393,8.3,93.405,3271.03,40.28
10/29/2020,0.141,8.38,93.955,3310.11,37.59
10/30/2020,0.1402,8.12,94.038,3269.96,38.02
10/31/2020,,,,,
11/01/2020,,,,,
11/02/2020,0.1427,8.14,94.129,3310.24,37.13
11/03/2020,0.1507,8.12,93.553,3369.16,35.55
11/04/2020,0.1394,7.64,93.407,3443.44,29.57
11/05/2020,0.1395,7.37,92.525,3510.45,27.58
11/06/2020,0.1399,7.58,92.229,3509.44,24.86
11/07/2020,,,,,
11/08/2020,,,,,
11/09/2020,0.151,7.53,92.725,3550.5,25.75
11/10/2020,0.1515,7.24,92.749,3545.53,24.8
11/11/2020,0.1515,7.24,93.043,3572.66,23.45
11/12/2020,0.1494,7.14,92.963,3537.01,25.35
11/13/2020,0.148,7.16,92.755,3585.15,23.1
11/14/2020,,,,,
11/15/2020,,,,,
11/16/2020,0.1482,7.0,92.642,3626.91,22.45
11/17/2020,0.1439,6.94,92.416,3609.53,22.71
11/18/2020,0.1403,6.97,92.316,3567.79,23.84
11/19/2020,0.1347,7.02,92.294,3581.87,23.11
11/20/2020,0.1324,6.91,92.392,3557.54,23.7
11/21/2020,,,,,
11/22/2020,,,,,
11/23/2020,0.129,6.77,92.505,3577.59,22.66
11/24/2020,0.1281,6.81,92.226,3635.41,21.64
11/25/2020,0.1299,6.87,91.994,3629.65,21.25
11/26/2020,0.1299,6.94,91.994,3629.65,21.25
11/27/2020,0.1348,6.85,91.79,3638.35,20.84
11/28/2020,,,,,
11/29/2020,,,,,
11/30/2020,0.1352,7.05,91.869,3621.63,20.57
12/01/2020,0.1397,6.99,91.313,3662.45,20.77
12/02/2020,0.1359,7.26,91.118,3669.01,21.17
12/03/2020,0.131,7.41,90.714,3666.72,21.28
12/04/2020,0.1297,7.44,90.701,3699.12,20.79
12/05/2020,,,,,
12/06/2020,,,,,
12/07/2020,0.1261,7.66,90.792,3691.96,21.3
12/08/2020,0.1299,7.62,90.965,3702.25,20.68
12/09/2020,0.1289,7.41,91.087,3672.82,22.27
12/10/2020,0.1249,7.52,90.824,3668.1,22.52
12/11/2020,0.1127,7.78,90.976,3663.46,23.31
12/12/2020,,,,,
12/13/2020,,,,,
12/14/2020,0.1131,7.58,90.711,3647.49,24.72
12/15/2020,0.1163,7.52,90.473,3694.62,22.89
12/16/2020,0.1187,7.54,90.45,3701.17,22.5
12/17/2020,0.1199,7.63,89.822,3722.48,21.93
12/18/2020,0.1193,7.62,90.016,3709.41,21.57
12/19/2020,,,,,
12/20/2020,,,,,
12/21/2020,0.1197,7.98,90.043,3694.92,25.16
12/22/2020,0.117,7.65,90.654,3687.26,24.23
12/23/2020,0.1197,7.32,90.413,3690.01,23.31
12/24/2020,0.1275,7.01,90.323,3703.06,21.53
12/25/2020,0.1275,7.01,90.223,3703.06,21.53
12/26/2020,,,,,
12/27/2020,,,,,
12/28/2020,0.1295,7.08,90.337,3735.36,21.7
12/29/2020,0.1276,7.11,89.994,3727.04,23.08
12/30/2020,0.127,7.29,89.68,3732.04,22.77
12/31/2020,0.1226,7.17,89.937,3756.07,22.75
01/01/2021,0.1226,7.17,89.937,3756.07,22.75
01/02/2021,,,,,
01/03/2021,,,,,
01/04/2021,0.1168,7.08,89.869,3700.65,26.97
01/05/2021,0.1156,7.12,89.436,3726.86,25.34
01/06/2021,0.1268,7.0,89.53,3748.14,25.07
01/07/2021,0.1272,6.94,89.826,3803.79,22.37
01/08/2021,0.124,6.9,90.098,3824.68,21.56
01/09/2021,,,,,
01/10/2021,,,,,
01/11/2021,0.1294,7.09,90.465,3799.61,24.08
01/12/2021,0.1292,6.94,90.093,3801.19,23.33
01/13/2021,0.1276,6.88,90.355,3809.84,22.21
01/14/2021,0.1267,6.82,90.239,3795.54,23.25
01/15/2021,0.1225,6.81,90.772,3768.25,24.34
01/16/2021,,,,,
01/17/2021,,,,,
01/18/2021,0.1225,6.96,90.765,3768.25,24.34
01/19/2021,0.1159,6.76,90.498,3798.91,23.24
01/20/2021,0.1159,6.6,90.475,3851.85,21.58
01/21/2021,0.1133,6.72,90.131,3853.07,21.32
01/22/2021,0.1127,6.72,90.238,3841.47,21.91
01/23/2021,,,,,
01/24/2021,,,,,
01/25/2021,0.1098,6.57,90.391,3855.36,23.19
01/26/2021,0.1088,6.59,90.17,3849.62,23.02
01/27/2021,0.106,6.58,90.647,3750.77,37.21
01/28/2021,0.1091,6.81,90.455,3787.38,30.21
01/29/2021,0.1049,6.69,90.584,3714.24,33.09
01/30/2021,,,,,
01/31/2021,,,,,
02/01/2021,0.1026,6.75,90.98,3773.86,30.24
02/02/2021,0.1048,6.74,91.197,3826.31,25.56
02/03/2021,0.1015,6.66,91.171,3830.17,22.91
02/04/2021,0.0948,6.55,91.529,3871.74,21.77
02/05/2021,0.0896,6.56,91.042,3886.83,20.87
02/06/2021,,,,,
02/07/2021,,,,,
02/08/2021,0.0925,6.28,90.934,3915.59,21.24
02/09/2021,0.0959,6.31,90.439,3911.23,21.63
02/10/2021,0.0962,6.31,90.371,3909.88,21.99
02/11/2021,0.0959,6.37,90.417,3916.38,21.25
02/12/2021,0.0939,6.34,90.48,3934.83,19.97
02/13/2021,,,,,
02/14/2021,,,,,
02/15/2021,0.0939,6.31,90.48,3934.83,19.97
02/16/2021,0.0987,6.41,90.509,3932.59,21.46
02/17/2021,0.0936,6.64,90.951,3931.33,21.5
02/18/2021,0.0894,6.5,90.592,3913.97,22.49
02/19/2021,0.0859,6.46,90.364,3906.71,22.05
02/20/2021,,,,,
02/21/2021,,,,,
02/22/2021,0.0862,6.59,90.01,3876.5,23.45
02/23/2021,0.0898,6.72,90.169,3881.37,23.11
02/24/2021,0.0956,6.85,90.176,3925.43,21.34
02/25/2021,0.1232,7.0,90.134,3829.34,28.89
02/26/2021,0.1055,7.52,90.879,3811.15,27.95
02/27/2021,,,,,
02/28/2021,,,,,
03/01/2021,0.1026,7.24,91.039,3901.82,23.35
03/02/2021,0.1011,6.93,90.785,3870.29,24.1
03/03/2021,0.108,6.75,90.947,3819.72,26.67
03/04/2021,0.1046,7.03,91.631,3768.47,28.57
03/05/2021,0.1058,7.21,91.977,3841.94,24.66
03/06/2021,,,,,
03/07/2021,,,,,
03/08/2021,0.1144,7.2,92.313,3821.35,25.47
03/09/2021,0.1134,7.14,91.958,3875.44,24.03
03/10/2021,0.1133,7.08,91.823,3898.81,22.56
03/11/2021,0.1039,6.91,91.42,3939.34,21.91
03/12/2021,0.1062,7.01,91.679,3943.34,20.69
03/13/2021,,,,,
03/14/2021,,,,,
03/15/2021,0.1045,7.05,91.833,3968.94,20.03
03/16/2021,0.099,7.01,91.865,3962.71,19.79
03/17/2021,0.0967,6.88,91.442,3974.12,19.23
03/18/2021,0.0955,6.96,91.862,3915.46,21.58
03/19/2021,0.092,6.95,91.919,3913.1,20.95
03/20/2021,,,,,
03/21/2021,,,,,
03/22/2021,0.0894,6.82,91.742,3940.59,18.88
03/23/2021,0.0895,6.89,92.336,3910.52,20.3
03/24/2021,0.0901,6.97,92.528,3889.14,21.2
03/25/2021,0.086,6.93,92.848,3909.52,19.81
03/26/2021,0.0864,6.86,92.766,3974.54,18.86
03/27/2021,,,,,
03/28/2021,,,,,
03/29/2021,0.0867,6.83,92.944,3971.09,20.74
03/30/2021,0.0867,6.79,93.297,3958.55,19.61
03/31/2021,0.091,6.72,93.232,3972.89,19.4
04/01/2021,0.0946,6.56,92.929,4019.87,17.33
04/02/2021,0.1029,6.56,93.022,4019.87,17.33
04/03/2021,,,,,
04/04/2021,,,,,
04/05/2021,0.0968,6.51,92.595,4077.91,17.91
04/06/2021,0.0921,6.63,92.335,4073.94,18.12
04/07/2021,0.0893,6.75,92.455,4079.95,17.16
04/08/2021,0.0887,6.6,92.059,4097.17,16.95
04/09/2021,0.0933,6.5,92.163,4128.8,16.69
04/10/2021,,,,,
04/11/2021,,,,,
04/12/2021,0.0992,6.29,92.138,4127.99,16.91
04/13/2021,0.0961,6.26,91.852,4141.59,16.65
04/14/2021,0.0953,6.23,91.69,4124.66,16.99
04/15/2021,0.0915,6.24,91.671,4170.42,16.57
04/16/2021,0.0959,6.2,91.556,4185.47,16.25
04/17/2021,,,,,
04/18/2021,,,,,
04/19/2021,0.0933,6.27,91.069,4163.26,17.29
04/20/2021,0.0893,6.32,91.241,4134.94,18.68
04/21/2021,0.0857,6.42,91.155,4173.42,17.5
04/22/2021,0.0862,6.32,91.333,4134.98,18.71
04/23/2021,0.0902,6.27,90.859,4180.17,17.33
04/24/2021,,,,,
04/25/2021,,,,,
04/26/2021,0.0934,6.16,90.807,4187.62,17.64
04/27/2021,0.0959,6.13,90.909,4186.72,17.56
04/28/2021,0.0903,6.19,90.609,4183.18,17.28
04/29/2021,0.0849,6.18,90.614,4211.47,17.61
04/30/2021,0.0857,6.16,91.28,4181.17,18.61
05/01/2021,,,,,
05/02/2021,,,,,
05/03/2021,0.0864,6.28,90.945,4192.66,18.31
05/04/2021,0.0852,6.26,91.288,4164.66,19.48
05/05/2021,0.0842,6.3,91.308,4167.59,19.15
05/06/2021,0.0834,6.39,90.951,4201.62,18.39
05/07/2021,0.0838,6.46,90.233,4232.6,16.69
05/08/2021,,,,,
05/09/2021,,,,,
05/10/2021,0.0854,6.43,90.212,4188.43,19.66
05/11/2021,0.0886,6.58,90.141,4152.1,21.84
05/12/2021,0.0895,6.61,90.713,4063.04,27.59
05/13/2021,0.0863,6.66,90.752,4112.5,23.13
05/14/2021,0.0824,6.47,90.321,4173.85,18.81
05/15/2021,,,,,
05/16/2021,,,,,
05/17/2021,0.0814,6.34,90.164,4163.29,19.72
05/18/2021,0.0804,6.37,89.75,4127.83,21.34
05/19/2021,0.0811,6.44,90.191,4115.68,22.18
05/20/2021,0.077,6.46,89.808,4159.12,20.67
05/21/2021,0.0785,6.35,90.017,4155.86,20.15
05/22/2021,,,,,
05/23/2021,,,,,
05/24/2021,0.0784,6.32,89.844,4197.05,18.4
05/25/2021,0.0761,6.34,89.639,4188.13,18.84
05/26/2021,0.0762,6.3,90.042,4195.99,17.36
05/27/2021,0.0767,6.29,89.971,4200.88,16.74
05/28/2021,0.0774,6.3,90.031,4204.11,16.76
05/29/2021,,,,,
05/30/2021,,,,,
05/31/2021,0.0774,6.24,89.829,4204.11,16.76
06/01/2021,0.083,6.21,89.831,4202.04,17.9
06/02/2021,0.0809,6.2,89.909,4208.12,17.48
06/03/2021,0.0862,6.26,90.512,4192.85,18.04
06/04/2021,0.0854,6.24,90.136,4229.89,16.42
06/05/2021,,,,,
06/06/2021,,,,,
06/07/2021,0.0866,5.96,89.95,4226.52,16.42
06/08/2021,0.0876,5.82,90.076,4227.26,17.07
06/09/2021,0.0885,5.86,90.12,4219.55,17.89
06/10/2021,0.0869,5.82,90.075,4239.18,16.1
06/11/2021,0.0896,5.63,90.555,4247.44,15.65
06/12/2021,,,,,
06/13/2021,,,,,
06/14/2021,0.0908,5.65,90.522,4255.15,16.39
06/15/2021,0.0925,5.67,90.536,4246.59,17.02
06/16/2021,0.1205,5.74,91.129,4223.7,18.15
06/17/2021,0.115,6.05,91.889,4221.86,17.75
06/18/2021,0.131,6.05,92.225,4166.45,20.7
06/19/2021,,,,,
06/20/2021,,,,,
06/21/2021,0.1283,6.09,91.899,4224.79,17.89
06/22/2021,0.1184,5.98,91.756,4246.44,16.66
06/23/2021,0.1258,6.02,91.802,4241.84,16.32
06/24/2021,0.1255,5.93,91.814,4266.49,15.97
06/25/2021,0.1279,5.89,91.851,4280.7,15.62
06/26/2021,,,,,
06/27/2021,,,,,
06/28/2021,0.1235,5.78,91.887,4290.61,15.76
06/29/2021,0.1208,5.81,92.049,4291.8,16.02
06/30/2021,0.1182,5.94,92.436,4297.5,15.83
07/01/2021,0.1192,6.06,92.597,4319.94,15.48
07/02/2021,0.1167,6.09,92.226,4352.34,15.07
07/03/2021,,,,,
07/04/2021,,,,,
07/05/2021,0.1167,5.83,92.212,4352.34,15.07
07/06/2021,0.1076,5.82,92.546,4343.54,16.44
07/07/2021,0.1071,6.01,92.644,4358.13,16.2
07/08/2021,0.1014,6.31,92.417,4320.82,19.0
07/09/2021,0.1129,6.05,92.13,4369.55,16.18
07/10/2021,,,,,
07/11/2021,,,,,
07/12/2021,0.1152,5.85,92.261,4384.63,16.17
07/13/2021,0.1194,5.88,92.752,4369.21,17.12
07/14/2021,0.1124,5.92,92.41,4374.3,16.33
07/15/2021,0.1107,5.96,92.624,4360.03,17.01
07/16/2021,0.1037,6.02,92.687,4327.16,18.45
07/17/2021,,,,,
07/18/2021,,,,,
07/19/2021,0.1011,6.23,92.891,4258.49,22.5
07/20/2021,0.0981,6.3,92.973,4323.06,19.73
07/21/2021,0.1017,6.1,92.754,4358.69,17.91
07/22/2021,0.098,6.07,92.822,4367.48,17.69
07/23/2021,0.1006,6.02,92.912,4411.79,17.2
07/24/2021,,,,,
07/25/2021,,,,,
07/26/2021,0.0971,6.0,92.649,4422.3,17.58
07/27/2021,0.0959,6.05,92.432,4401.46,19.36
07/28/2021,0.0983,6.15,92.322,4400.64,18.31
07/29/2021,0.0943,6.01,91.864,4419.15,17.7
07/30/2021,0.0925,6.0,92.174,4395.26,18.24
07/31/2021,,,,,
08/01/2021,,,,,
08/02/2021,0.0881,5.95,92.048,4387.16,19.46
08/03/2021,0.0868,5.93,92.081,4423.15,18.04
08/04/2021,0.0896,5.98,92.27,4402.66,17.97
08/05/2021,0.0965,6.03,92.244,4429.1,17.28
08/06/2021,0.097,5.92,92.8,4436.52,16.15
08/07/2021,,,,,
08/08/2021,,,,,
08/09/2021,0.1025,5.95,92.945,4432.35,16.72
08/10/2021,0.1075,5.95,93.055,4436.75,16.79
08/11/2021,0.1031,5.92,92.922,4447.7,16.06
08/12/2021,0.1025,5.76,93.035,4460.83,15.59
08/13/2021,0.1013,5.67,92.518,4468.0,15.45
08/14/2021,,,,,
08/15/2021,,,,,
08/16/2021,0.0989,5.75,92.628,4479.71,16.12
08/17/2021,0.1021,5.95,93.13,4448.08,17.91
08/18/2021,0.1034,5.88,93.136,4400.27,21.57
08/19/2021,0.1046,6.11,93.568,4405.8,21.67
08/20/2021,0.106,6.09,93.496,4441.67,18.56
08/21/2021,,,,,
08/22/2021,,,,,
08/23/2021,0.1069,5.96,92.958,4479.53,17.15
08/24/2021,0.1054,5.94,92.893,4486.23,17.22
08/25/2021,0.1048,5.86,92.825,4496.19,16.79
08/26/2021,0.1032,5.83,93.062,4470.0,18.84
08/27/2021,0.0953,5.97,92.686,4509.37,16.39
08/28/2021,,,,,
08/29/2021,,,,,
08/30/2021,0.0913,5.82,92.653,4528.79,16.19
08/31/2021,0.0911,5.85,92.626,4522.68,16.48
09/01/2021,0.094,5.87,92.449,4524.09,16.11
09/02/2021,0.0968,5.84,92.225,4536.95,16.41
09/03/2021,0.0959,5.76,92.035,4535.43,16.41
09/04/2021,,,,,
09/05/2021,,,,,
09/06/2021,0.0959,5.68,92.035,4535.43,16.41
09/07/2021,0.1002,5.66,92.512,4520.03,18.14
09/08/2021,0.0996,5.79,92.653,4514.07,17.96
09/09/2021,0.0998,5.79,92.479,4493.28,18.8
09/10/2021,0.0974,5.74,92.582,4458.58,20.95
09/11/2021,,,,,
09/12/2021,,,,,
09/13/2021,0.0977,5.67,92.675,4468.73,19.37
09/14/2021,0.0955,5.65,92.623,4443.05,19.46
09/15/2021,0.0935,5.73,92.548,4480.7,18.18
09/16/2021,0.0957,5.71,92.932,4473.75,18.69
09/17/2021,0.0995,5.88,93.195,4432.99,20.81
09/18/2021,,,,,
09/19/2021,,,,,
09/20/2021,0.0972,6.1,93.276,4357.73,25.71
09/21/2021,0.0959,6.08,93.204,4354.19,24.36
09/22/2021,0.1055,6.03,93.462,4395.64,20.87
09/23/2021,0.1079,6.02,93.085,4448.98,18.63
09/24/2021,0.1137,5.87,93.327,4455.48,17.75
09/25/2021,,,,,
09/26/2021,,,,,
09/27/2021,0.1168,5.84,93.383,4443.11,18.76
09/28/2021,0.1178,6.03,93.766,4352.63,23.25
09/29/2021,0.1154,6.04,94.338,4359.46,22.56
09/30/2021,0.1134,6.07,94.23,4307.54,23.14
10/01/2021,0.1071,6.18,94.035,4357.04,21.15
10/02/2021,,,,,
10/03/2021,,,,,
10/04/2021,0.1134,6.08,93.776,4300.46,22.96
10/05/2021,0.1177,6.07,93.975,4345.72,21.3
10/06/2021,0.1212,6.28,94.266,4363.55,21.0
10/07/2021,0.1248,6.19,94.217,4399.76,19.54
10/08/2021,0.124,5.94,94.067,4391.34,18.77
10/09/2021,,,,,
10/10/2021,,,,,
10/11/2021,0.124,6.15,94.316,4361.19,20.0
10/12/2021,0.1392,6.23,94.516,4350.65,19.85
10/13/2021,0.1433,6.2,94.08,4363.8,18.64
10/14/2021,0.1443,6.2,93.956,4438.26,16.86
10/15/2021,0.1547,6.21,93.937,4471.37,16.3
10/16/2021,,,,,
10/17/2021,,,,,
10/18/2021,0.1556,6.16,93.953,4486.46,16.31
10/19/2021,0.1462,6.19,93.734,4519.63,15.7
10/20/2021,0.1439,6.22,93.558,4536.19,15.49
10/21/2021,0.1694,6.13,93.77,4549.78,15.01
10/22/2021,0.1788,6.15,93.642,4544.9,15.43
10/23/2021,,,,,
10/24/2021,,,,,
10/25/2021,0.1709,6.14,93.813,4566.48,15.24
10/26/2021,0.1737,6.09,93.949,4574.79,15.98
10/27/2021,0.1806,6.12,93.802,4551.68,16.98
10/28/2021,0.1867,6.18,93.345,4596.42,16.53
10/29/2021,0.1784,6.21,94.123,4605.38,16.26
10/30/2021,,,,,
10/31/2021,,,,,
11/01/2021,0.1941,6.29,93.879,4613.67,16.41
11/02/2021,0.1744,6.32,94.09,4630.65,16.03
11/03/2021,0.1787,6.18,93.864,4660.57,15.1
11/04/2021,0.1643,6.11,94.347,4680.06,15.44
11/05/2021,0.16,6.15,94.32,4697.53,16.48
11/06/2021,,,,,
11/07/2021,,,,,
11/08/2021,0.1816,6.11,94.049,4701.7,17.22
11/09/2021,0.1655,6.12,93.955,4685.25,17.78
11/10/2021,0.2058,6.12,94.85,4646.71,18.73
11/11/2021,0.2058,6.57,95.178,4649.27,17.66
11/12/2021,0.208,6.51,95.128,4682.85,16.29
11/13/2021,,,,,
11/14/2021,,,,,
11/15/2021,0.2089,6.54,95.407,4682.8,16.49
11/16/2021,0.2043,6.78,95.915,4700.9,16.37
11/17/2021,0.2005,6.8,95.828,4688.67,17.11
11/18/2021,0.199,6.71,95.544,4704.54,17.59
11/19/2021,0.2097,6.74,96.031,4697.96,17.91
11/20/2021,,,,,
11/21/2021,,,,,
11/22/2021,0.2433,6.91,96.548,4682.94,19.17
11/23/2021,0.2339,6.95,96.491,4690.7,19.38
11/24/2021,0.2607,6.98,96.875,4701.46,18.58
11/25/2021,0.2607,7.0,96.774,4701.46,18.58
11/26/2021,0.2068,6.97,96.089,4594.62,28.62
11/27/2021,,,,,
11/28/2021,,,,,
11/29/2021,0.2113,7.01,96.341,4655.27,22.96
11/30/2021,0.2419,7.17,95.994,4567.0,27.19
12/01/2021,0.2481,7.2,96.028,4513.04,31.12
12/02/2021,0.2838,7.15,96.156,4577.1,27.95
12/03/2021,0.277,6.96,96.117,4538.43,30.67
12/04/2021,,,,,
12/05/2021,,,,,
12/06/2021,0.3045,7.12,96.328,4591.67,27.18
12/07/2021,0.34,7.05,96.369,4686.75,21.89
12/08/2021,0.3323,7.0,95.894,4701.21,19.9
12/09/2021,0.3334,7.12,96.271,4667.45,21.58
12/10/2021,0.3208,7.09,96.097,4712.02,18.69
12/11/2021,,,,,
12/12/2021,,,,,
12/13/2021,0.3135,6.9,96.317,4668.97,20.31
12/14/2021,0.3177,6.9,96.571,4634.09,21.89
12/15/2021,0.3277,6.92,96.511,4709.85,19.29
12/16/2021,0.3101,6.44,96.042,4668.67,20.57
12/17/2021,0.3251,6.51,96.565,4620.64,21.57
12/18/2021,,,,,
12/19/2021,,,,,
12/20/2021,0.3239,6.58,96.551,4568.02,22.87
12/21/2021,0.3454,6.57,96.491,4649.23,21.01
12/22/2021,0.3452,6.48,96.076,4696.56,18.63
12/23/2021,0.3626,6.42,96.019,4725.79,17.96
12/24/2021,0.3626,6.34,96.019,4725.79,17.96
12/25/2021,,,,,
12/26/2021,,,,,
12/27/2021,0.3799,6.31,96.093,4791.19,17.68
12/28/2021,0.3852,6.33,96.202,4786.35,17.54
12/29/2021,0.3871,6.26,95.929,4793.06,16.95
12/30/2021,0.3822,6.18,95.968,4778.73,17.33
12/31/2021,0.3942,6.11,95.67,4766.18,17.22
01/01/2022,,,,,
01/02/2022,,,,,
01/03/2022,0.415,6.04,96.213,4796.56,16.6
01/04/2022,0.4001,6.09,96.262,4793.54,16.91
01/05/2022,0.4382,6.03,96.171,4700.58,19.73
01/06/2022,0.4711,5.99,96.32,4696.05,19.61
01/07/2022,0.465,6.08,95.719,4677.03,18.76
01/08/2022,,,,,
01/09/2022,,,,,
01/10/2022,0.4951,6.0,95.991,4670.29,19.4
01/11/2022,0.493,6.15,95.624,4713.07,18.41
01/12/2022,0.5,6.07,94.915,4726.35,17.62
01/13/2022,0.4974,6.1,94.79,4659.03,20.31
01/14/2022,0.541,6.17,95.165,4662.85,19.19
01/15/2022,,,,,
01/16/2022,,,,,
01/17/2022,0.541,6.2,95.258,4662.85,19.19
01/18/2022,0.5995,6.27,95.732,4577.11,22.79
01/19/2022,0.5928,6.33,95.51,4532.76,23.85
01/20/2022,0.6084,6.33,95.735,4482.73,25.59
01/21/2022,0.5865,6.48,95.642,4397.94,28.85
01/22/2022,,,,,
01/23/2022,,,,,
01/24/2022,0.5783,6.66,95.918,4410.13,29.9
01/25/2022,0.6091,6.73,95.948,4356.45,31.16
01/26/2022,0.6748,6.61,96.478,4349.93,31.96
01/27/2022,0.7202,6.62,97.255,4326.51,30.49
01/28/2022,0.7204,6.69,97.27,4431.85,27.66
01/29/2022,,,,,
01/30/2022,,,,,
01/31/2022,0.7485,6.7,96.54,4515.55,24.83
02/01/2022,0.7459,6.72,96.385,4546.54,21.96
02/02/2022,0.7303,6.69,95.936,4589.38,22.09
02/03/2022,0.7567,6.8,95.379,4477.44,24.35
02/04/2022,0.8676,6.91,95.485,4500.53,23.22
02/05/2022,,,,,
02/06/2022,,,,,
02/07/2022,0.8612,6.96,95.399,4483.87,22.86
02/08/2022,0.8908,6.88,95.643,4521.54,21.44
02/09/2022,0.9036,6.79,95.494,4587.18,19.96
02/10/2022,1.1342,6.83,95.553,4504.08,23.91
02/11/2022,1.0488,7.1,96.082,4418.64,27.36
02/12/2022,,,,,
02/13/2022,,,,,
02/14/2022,1.1248,7.57,96.374,4401.67,28.33
02/15/2022,1.0997,6.51,95.989,4471.07,25.7
02/16/2022,1.061,7.12,95.701,4475.01,24.29
02/17/2022,1.0322,7.11,95.8,4380.26,28.11
02/18/2022,1.0318,7.27,96.043,4348.87,27.75
02/19/2022,,,,,
02/20/2022,,,,,
02/21/2022,1.0318,7.47,96.078,4348.87,27.75
02/22/2022,1.0886,7.27,96.025,4304.76,28.81
02/23/2022,1.0945,7.55,96.19,4225.5,31.02
02/24/2022,1.0533,7.27,97.137,4288.7,30.32
02/25/2022,1.0724,7.32,96.615,4384.65,27.59
02/26/2022,,,,,
02/27/2022,,,,,
02/28/2022,1.0122,7.74,96.707,4373.94,30.15
03/01/2022,0.9436,8.66,97.409,4306.26,33.32
03/02/2022,1.0668,8.27,97.385,4386.54,30.74
03/03/2022,1.0688,8.87,97.785,4363.49,30.48
03/04/2022,1.0468,8.85,98.648,4328.87,31.98
03/05/2022,,,,,
03/06/2022,,,,,
03/07/2022,1.0842,9.85,99.293,4201.09,36.45
03/08/2022,1.1286,9.23,99.062,4170.7,35.13
03/09/2022,1.1507,9.09,97.968,4277.88,32.45
03/10/2022,1.1716,8.69,98.507,4259.52,30.23
03/11/2022,1.201,8.78,99.124,4204.31,30.75
03/12/2022,,,,,
03/13/2022,,,,,
03/14/2022,1.282,9.05,98.999,4173.11,31.77
03/15/2022,1.2765,8.9,99.097,4262.45,29.83
03/16/2022,1.326,8.74,98.618,4357.86,26.67
03/17/2022,1.3129,8.74,97.974,4411.67,25.67
03/18/2022,1.335,8.24,98.233,4463.12,23.87
03/19/2022,,,,,
03/20/2022,,,,,
03/21/2022,1.4603,8.04,98.498,4461.18,23.53
03/22/2022,1.4978,8.05,98.493,4511.61,22.94
03/23/2022,1.4719,8.03,98.622,4456.24,23.57
03/24/2022,1.4909,8.06,98.789,4520.16,21.67
03/25/2022,1.5937,8.11,98.789,4543.06,20.81
03/26/2022,,,,,
03/27/2022,,,,,
03/28/2022,1.6359,8.43,99.091,4575.52,19.63
03/29/2022,1.6304,8.33,98.404,4631.6,18.9
03/30/2022,1.6054,8.03,97.792,4602.45,19.33
03/31/2022,1.6252,8.16,98.312,4530.41,20.56
04/01/2022,1.7063,8.18,98.632,4545.86,19.63
04/02/2022,,,,,
04/03/2022,,,,,
04/04/2022,1.6984,8.11,99.0,4582.64,18.57
04/05/2022,1.7324,8.45,99.472,4525.12,21.03
04/06/2022,1.7562,8.56,99.599,4481.15,22.1
04/07/2022,1.7337,8.45,99.751,4500.21,21.55
04/08/2022,1.7774,8.34,99.796,4488.28,21.16
04/09/2022,,,,,
04/10/2022,,,,,
04/11/2022,1.7859,8.34,99.932,4412.53,24.37
04/12/2022,1.7123,8.35,100.292,4397.45,24.26
04/13/2022,1.7056,8.29,99.875,4446.59,21.82
04/14/2022,1.7686,8.05,100.321,4392.59,22.7
04/15/2022,1.7686,8.18,100.5,4392.59,22.7
04/16/2022,,,,,
04/17/2022,,,,,
04/18/2022,1.7918,8.16,100.781,4391.69,22.17
04/19/2022,1.8704,8.25,100.961,4462.21,21.37
04/20/2022,1.869,8.24,100.39,4459.45,20.32
04/21/2022,1.9358,8.39,100.578,4393.66,22.68
04/22/2022,1.9745,8.62,101.22,4271.78,28.21
04/23/2022,,,,,
04/24/2022,,,,,
04/25/2022,1.9529,8.61,101.752,4296.12,27.02
04/26/2022,1.8944,8.71,102.303,4175.2,33.52
04/27/2022,1.9187,9.35,102.954,4183.96,31.6
04/28/2022,1.9461,9.74,103.623,4287.5,29.99
04/29/2022,2.0223,10.12,102.959,4131.93,33.4
04/30/2022,,,,,
05/01/2022,,,,,
05/02/2022,2.045,10.16,103.744,4155.38,32.34
05/03/2022,2.0906,10.17,103.465,4175.48,29.25
05/04/2022,2.001,9.99,102.587,4300.17,25.42
05/05/2022,2.0391,9.49,103.752,4146.87,31.2
05/06/2022,2.0517,10.61,103.66,4123.34,30.19
05/07/2022,,,,,
05/08/2022,,,,,
05/09/2022,1.9745,10.61,103.651,3991.24,34.75
05/10/2022,1.9973,10.6,103.92,4001.05,32.99
05/11/2022,2.011,9.74,103.846,3935.18,32.56
05/12/2022,1.9654,10.36,104.851,3930.08,31.77
05/13/2022,2.0023,10.35,104.563,4023.89,28.87
05/14/2022,,,,,
05/15/2022,,,,,
05/16/2022,2.0132,10.37,104.187,4008.01,27.47
05/17/2022,2.0805,9.76,103.36,4088.85,26.1
05/18/2022,2.0614,9.61,103.81,3923.68,30.96
05/19/2022,2.0214,10.1,102.724,3900.79,29.35
05/20/2022,1.9979,9.91,103.15,3901.36,29.43
05/21/2022,,,,,
05/22/2022,,,,,
05/23/2022,2.0255,9.57,102.076,3973.75,28.48
05/24/2022,1.9433,9.46,101.857,3941.48,29.45
05/25/2022,1.934,9.43,102.056,3978.73,28.37
05/26/2022,1.9287,9.41,101.829,4057.84,27.5
05/27/2022,1.9424,9.1,101.668,4158.24,25.72
05/28/2022,,,,,
05/29/2022,,,,,
05/30/2022,,,,,
05/31/2022,2.0188,8.49,101.752,4132.15,26.19
06/01/2022,2.0976,8.56,102.498,4101.23,25.69
06/02/2022,2.1063,8.75,101.824,4176.82,24.72
06/03/2022,2.1292,8.62,102.14,4108.54,24.79
06/04/2022,,,,,
06/05/2022,,,,,
06/06/2022,2.1807,8.65,102.437,4121.43,25.07
06/07/2022,2.2022,9.01,102.318,4160.68,24.02
06/08/2022,2.2379,9.05,102.542,4115.77,23.96
06/09/2022,2.2802,9.26,103.223,4017.82,26.09
06/10/2022,2.4898,9.37,104.148,3900.86,27.75
06/11/2022,,,,,
06/12/2022,,,,,
06/13/2022,2.7514,10.5,105.078,3749.63,34.02
06/14/2022,2.9379,10.9,105.518,3735.48,32.69
06/15/2022,2.807,10.65,105.158,3789.99,29.62
06/16/2022,2.7665,10.9,103.631,3666.77,32.95
06/17/2022,2.8043,10.6,104.7,3674.84,31.13
06/18/2022,,,,,
06/19/2022,,,,,
06/20/2022,,,,,
06/21/2022,2.839,10.63,104.435,3764.79,30.19
06/22/2022,2.7445,10.63,104.197,3759.89,28.95
06/23/2022,2.7381,10.53,104.431,3795.73,29.05
06/24/2022,2.7665,10.43,104.185,3911.74,27.23
06/25/2022,,,,,
06/26/2022,,,,,
06/27/2022,2.8189,9.94,103.939,3900.11,26.95
06/28/2022,2.8193,9.68,104.506,3821.55,28.36
06/29/2022,2.7999,9.87,105.106,3818.83,28.16
06/30/2022,2.7719,10.29,104.685,3785.38,28.71
07/01/2022,2.7471,10.68,105.138,3825.33,26.7
07/02/2022,,,,,
07/03/2022,,,,,
07/04/2022,,,,,
07/05/2022,2.7422,10.51,106.535,3831.39,27.54
07/06/2022,2.8242,11.09,107.096,3845.08,26.73
07/07/2022,2.8625,11.22,107.13,3902.62,26.08
07/08/2022,2.9283,,107.007,3899.38,24.64
07/09/2022,,,,,
07/10/2022,,,,,
07/11/2022,2.9282,10.77,108.021,3854.43,26.17
07/12/2022,2.9273,11.35,108.072,3818.8,27.29
07/13/2022,3.0535,11.05,107.957,3801.78,26.82
07/14/2022,3.0526,11.3,108.544,3790.38,26.4
07/15/2022,3.0342,11.82,108.063,3863.16,24.23
07/16/2022,,,,,
07/17/2022,,,,,
07/18/2022,3.0669,11.24,107.366,3830.85,25.3
07/19/2022,3.1176,11.29,106.682,3936.69,24.5
07/20/2022,3.1286,10.84,107.076,3959.9,23.88
07/21/2022,3.0485,10.62,106.91,3998.95,23.11
07/22/2022,2.9803,10.81,106.73,3961.63,23.03
07/23/2022,,,,,
07/24/2022,,,,,
07/25/2022,3.0194,10.79,106.483,3966.84,23.36
07/26/2022,3.0321,10.3,107.189,3921.05,24.69
07/27/2022,2.9768,10.58,106.452,4023.61,23.24
07/28/2022,2.904,10.4,106.351,4072.43,22.33
07/29/2022,2.9325,10.44,105.903,4130.29,21.33
07/30/2022,,,,,
07/31/2022,,,,,
08/01/2022,2.943,10.29,105.45,4118.63,22.84
08/02/2022,3.053,10.16,106.241,4091.19,23.93
08/03/2022,3.0647,10.29,106.506,4155.17,21.95
08/04/2022,3.0219,10.32,105.693,4151.94,21.44
08/05/2022,3.1844,10.13,106.621,4145.19,21.15
08/06/2022,,,,,
08/07/2022,,,,,
08/08/2022,3.1811,9.98,106.435,4140.06,21.29
08/09/2022,3.2128,9.77,106.374,4122.47,21.77
08/10/2022,3.1726,9.58,105.196,4210.24,19.74
08/11/2022,3.1679,9.14,105.09,4207.27,20.2
08/12/2022,3.168,9.06,105.631,4280.15,19.53
08/13/2022,,,,,
08/14/2022,,,,,
08/15/2022,3.1464,9.16,106.546,4297.14,19.95
08/16/2022,3.1695,9.77,106.5,4305.2,19.69
08/17/2022,3.1951,9.82,106.574,4274.04,19.9
08/18/2022,3.1538,10.13,107.484,4283.74,19.56
08/19/2022,3.1728,10.54,108.169,4228.48,20.6
08/20/2022,,,,,
08/21/2022,,,,,
08/22/2022,3.2284,10.83,109.046,4137.99,23.8
08/23/2022,3.2124,11.02,108.624,4128.73,24.11
08/24/2022,3.2715,10.78,108.677,4140.77,22.82
08/25/2022,3.2686,10.72,108.47,4199.12,21.78
08/26/2022,3.2945,10.46,108.803,4057.66,25.56
08/27/2022,,,,,
08/28/2022,,,,,
08/29/2022,3.3301,10.55,108.835,4030.61,26.21
08/30/2022,3.3622,10.49,108.773,3986.16,26.21
08/31/2022,3.4039,10.37,108.7,3955.0,25.87
09/01/2022,3.4412,10.66,109.691,3966.85,25.56
09/02/2022,3.3846,10.86,109.534,3924.26,25.47
09/03/2022,,,,,
09/04/2022,,,,,
09/05/2022,,,,,
09/06/2022,3.4642,10.83,110.214,3908.19,26.91
09/07/2022,3.4512,11.28,109.84,3979.87,24.64
09/08/2022,3.5044,10.93,109.707,4006.18,23.61
09/09/2022,3.5738,10.7,109.003,4067.36,22.79
09/10/2022,,,,,
09/11/2022,,,,,
09/12/2022,3.6062,10.57,108.33,4110.41,23.87
09/13/2022,3.8058,10.38,109.815,3932.69,27.27
09/14/2022,3.8496,10.89,109.658,3946.01,26.16
09/15/2022,3.9002,10.88,109.739,3901.35,26.27
09/16/2022,3.9021,11.06,109.764,3873.33,26.3
09/17/2022,,,,,
09/18/2022,,,,,
09/19/2022,3.9654,11.15,109.737,3899.89,25.76
09/20/2022,3.9797,10.97,110.215,3855.93,27.16
09/21/2022,4.0287,11.36,110.642,3789.93,27.99
09/22/2022,4.069,11.32,111.353,3757.99,27.35
09/23/2022,4.1267,11.1,113.192,3693.23,29.92
09/24/2022,,,,,
09/25/2022,,,,,
09/26/2022,4.2024,13.55,114.103,3655.04,32.26
09/27/2022,4.2017,13.14,114.106,3647.29,32.6
09/28/2022,4.0989,13.78,112.604,3719.04,30.18
09/29/2022,4.1374,13.59,112.254,3640.47,31.84
09/30/2022,4.1977,13.04,112.117,3585.62,31.62
10/01/2022,,,,,
10/02/2022,,,,,
10/03/2022,4.1592,12.6,111.745,3678.43,30.1
10/04/2022,4.1551,11.85,110.065,3790.93,29.07
10/05/2022,4.1724,12.18,111.208,3783.28,28.55
10/06/2022,4.2228,12.38,112.258,3744.52,30.52
10/07/2022,4.29,12.88,112.795,3639.66,31.36
10/08/2022,,,,,
10/09/2022,,,,,
10/10/2022,,,,,
10/11/2022,4.2977,13.02,113.221,3588.84,33.63
10/12/2022,4.2811,13.28,113.32,3577.03,33.57
10/13/2022,4.4295,13.15,112.363,3669.91,31.94
10/14/2022,4.456,12.82,113.311,3583.07,32.02
10/15/2022,,,,,
10/16/2022,,,,,
10/17/2022,4.4416,13.0,112.039,3677.95,31.37
10/18/2022,4.4389,12.38,112.13,3719.98,30.5
10/19/2022,4.5233,12.37,112.984,3695.16,30.76
10/20/2022,4.5686,12.73,112.881,3665.78,29.98
10/21/2022,4.5032,12.56,112.012,3752.75,29.69
10/22/2022,,,,,
10/23/2022,,,,,
10/24/2022,4.5288,12.61,111.989,3797.34,29.85
10/25/2022,4.5156,12.16,110.95,3859.11,28.46
10/26/2022,4.4965,11.48,109.7,3830.6,27.28
10/27/2022,4.452,11.31,110.587,3807.3,27.39
10/28/2022,4.5262,11.5,110.752,3901.06,25.75
10/29/2022,,,,,
10/30/2022,,,,,
10/31/2022,4.6121,11.65,111.527,3871.98,25.88
11/01/2022,4.6613,11.56,111.481,3856.1,25.81
11/02/2022,4.6946,11.65,111.345,3759.69,25.86
11/03/2022,4.7565,11.63,112.93,3719.89,25.3
11/04/2022,4.7325,11.76,110.877,3770.55,24.55
11/05/2022,,,,,
11/06/2022,,,,,
11/07/2022,4.7672,11.6,110.12,3806.8,24.35
11/08/2022,4.7342,11.31,109.636,3828.11,25.54
11/09/2022,4.7119,11.1,110.549,3748.57,26.09
11/10/2022,4.5651,11.24,108.206,3956.37,23.53
11/11/2022,,,,,
11/12/2022,,,,,
11/13/2022,,,,,
11/14/2022,4.6131,11.09,106.66,3957.25,23.73
11/15/2022,4.5867,11.08,106.404,3991.73,24.54
11/16/2022,4.6025,11.11,106.281,3958.79,24.11
11/17/2022,4.6531,11.02,106.694,3946.56,23.93
11/18/2022,4.7113,11.22,106.93,3965.34,23.12
11/19/2022,,,,,
11/20/2022,,,,,
11/21/2022,4.7311,10.91,107.835,3949.94,22.36
11/22/2022,4.7271,11.06,107.222,4003.58,21.29
11/23/2022,4.7275,10.95,106.076,4027.26,20.35
11/24/2022,,,,,
11/25/2022,4.7176,10.99,105.959,4026.12,20.5
11/26/2022,,,,,
11/27/2022,,,,,
11/28/2022,4.722,10.95,106.681,3963.94,22.21
11/29/2022,4.7319,10.89,106.822,3957.63,21.89
11/30/2022,4.6667,10.87,105.95,4080.11,20.58
12/01/2022,4.6228,10.76,104.728,4076.57,19.84
12/02/2022,4.643,10.59,104.545,4071.7,19.06
12/03/2022,,,,,
12/04/2022,,,,,
12/05/2022,4.713,10.71,105.289,3998.84,20.75
12/06/2022,4.6835,10.63,105.578,3941.26,22.17
12/07/2022,4.62,10.59,105.1,3933.92,22.68
12/08/2022,4.6448,10.35,104.774,3963.51,22.29
12/09/2022,4.6659,9.85,104.81,3934.38,22.83
12/10/2022,,,,,
12/11/2022,,,,,
12/12/2022,4.7046,10.09,105.131,3990.56,25.0
12/13/2022,4.6008,9.6889,103.98,4019.65,22.55
12/14/2022,4.604,8.7145,103.77,3995.32,21.14
12/15/2022,4.6012,8.5695,104.558,3895.75,22.83
12/16/2022,4.5668,9.0903,104.701,3852.36,22.62
12/17/2022,,,,,
12/18/2022,,,,,
12/19/2022,4.6039,9.1666,104.721,3817.66,22.42
12/20/2022,4.5964,9.5098,103.965,3821.62,21.48
12/21/2022,4.5616,9.4796,104.162,3878.44,20.07
12/22/2022,4.5957,9.5089,104.433,3822.39,21.97
12/23/2022,4.6215,9.6737,104.314,3844.82,20.87
12/24/2022,,,,,
12/25/2022,,,,,
12/26/2022,,,,,
12/27/2022,4.6662,9.6669,104.179,3829.25,21.65
12/28/2022,4.6634,9.6384,104.463,3783.22,22.14
12/29/2022,4.6803,9.7146,103.836,3849.28,21.44
12/30/2022,4.7461,9.7977,103.522,3839.5,21.67
12/31/2022,,,,,
01/01/2023,,,,,
01/02/2023,,,,,
01/03/2023,4.7273,10.0239,104.518,3824.14,22.9
01/04/2023,4.7035,9.898,104.248,3852.97,22.01
01/05/2023,4.7757,9.9253,105.042,3808.1,22.46
01/06/2023,4.6806,9.898,103.879,3895.08,21.13
01/07/2023,,,,,
01/08/2023,,,,,
01/09/2023,4.6586,10.2,103.001,3892.09,21.97
01/10/2023,4.6946,10.02,103.236,3919.25,20.58
01/11/2023,4.6858,9.95,103.188,3969.61,21.09
01/12/2023,4.6305,10.24,102.246,3983.17,18.83
01/13/2023,4.6797,10.25,102.204,3999.09,18.35
01/14/2023,,,,,
01/15/2023,,,,,
01/16/2023,,,,,
01/17/2023,4.6546,10.12,102.39,3990.97,19.36
01/18/2023,4.6047,9.87,102.363,3928.86,20.34
01/19/2023,4.6405,9.67,102.058,3898.85,20.52
01/20/2023,4.6714,9.68,102.012,3972.61,19.85
01/21/2023,,,,,
01/22/2023,,,,,
01/23/2023,4.7044,9.58,102.138,4019.81,19.81
01/24/2023,4.6928,9.47,101.918,4016.95,19.2
01/25/2023,4.6813,,101.641,4016.22,19.08
01/26/2023,4.7122,9.63,101.839,4060.43,18.73
01/27/2023,4.7241,9.67,101.927,4070.56,18.51
01/28/2023,,,,,
01/29/2023,,,,,
01/30/2023,4.7458,9.54,102.276,4017.77,19.94
01/31/2023,4.7121,9.73,102.097,4076.6,19.4
02/01/2023,4.6731,9.85,101.217,4119.21,17.87
02/02/2023,4.6692,,101.75,4179.76,18.73
02/03/2023,4.7977,9.35,102.915,4136.48,18.33
02/04/2023,,,,,
02/05/2023,,,,,
02/06/2023,4.8855,9.72,103.621,4111.08,19.43
02/07/2023,4.8839,9.85,103.427,4164.0,18.66
02/08/2023,4.8802,9.4,103.409,4117.86,19.63
02/09/2023,4.9104,9.39,103.221,4081.5,20.71
02/10/2023,4.9296,9.66,103.63,4090.46,20.53
02/11/2023,,,,,
02/12/2023,,,,,
02/13/2023,4.9344,9.67,103.345,4137.29,20.34
02/14/2023,4.9962,9.27,103.233,4136.13,18.91
02/15/2023,4.992,9.37,103.923,4147.6,18.23
02/16/2023,5.0023,9.16,103.856,4090.41,20.17
02/17/2023,5.0166,9.41,103.862,4079.09,20.02
02/18/2023,,,,,
02/19/2023,,,,,
02/20/2023,,,,,
02/21/2023,5.069,9.17,104.176,3997.34,22.87
02/22/2023,5.0698,9.23,104.585,3991.05,22.29
02/23/2023,5.0543,9.13,104.598,4012.32,21.14
02/24/2023,5.1116,9.12,105.214,3970.04,21.67
02/25/2023,,,,,
02/26/2023,,,,,
02/27/2023,5.0939,9.08,104.673,3982.24,20.95
02/28/2023,5.1061,8.87,104.869,3970.15,20.7
03/01/2023,5.1684,8.95,104.483,3951.39,20.58
03/02/2023,5.1651,9.1,105.027,3981.35,19.59
03/03/2023,5.1587,8.96,104.521,4045.64,18.49
03/04/2023,,,,,
03/05/2023,,,,,
03/06/2023,5.17,8.97,104.35,4048.42,18.61
03/07/2023,5.3,8.89,105.615,3986.37,19.59
03/08/2023,5.3314,9.19,105.658,3992.01,19.11
03/09/2023,5.2388,9.24,105.309,3918.32,22.61
03/10/2023,5.039,9.4,104.576,3861.59,24.8
03/11/2023,,,,,
03/12/2023,,,,,
03/13/2023,4.4975,9.71,103.595,3855.76,26.52
03/14/2023,4.6808,9.95,103.597,3919.29,23.73
03/15/2023,4.3873,9.68,104.646,3891.93,26.14
03/16/2023,4.6199,10.19,104.418,3960.28,22.99
03/17/2023,4.3893,9.76,103.708,3916.64,25.51
03/18/2023,,,,,
03/19/2023,,,,,
03/20/2023,4.4659,9.96,103.281,3951.57,24.15
03/21/2023,4.6443,9.71,103.256,4002.87,21.38
03/22/2023,4.5042,9.55,102.346,3936.97,22.26
03/23/2023,4.3874,9.57,102.532,3948.72,22.61
03/24/2023,4.3598,9.95,103.116,3970.99,21.74
03/25/2023,,,,,
03/26/2023,,,,,
03/27/2023,4.5269,9.58,102.857,3977.53,20.6
03/28/2023,4.569,9.4,102.43,3971.27,19.97
03/29/2023,4.5999,9.33,102.64,4027.81,19.12
03/30/2023,4.6291,9.31,102.144,4050.83,19.02
03/31/2023,4.6149,9.27,102.506,4109.31,18.7
04/01/2023,,,,,
04/02/2023,,,,,
04/03/2023,4.5884,9.08,102.093,4124.51,18.55
04/04/2023,4.4922,8.69,101.586,4100.6,19.0
04/05/2023,4.463,8.95,101.852,4090.38,19.08
04/06/2023,4.4947,8.95,101.822,4105.02,18.4
04/07/2023,4.6184,8.7,102.092,,
04/08/2023,,,,,
04/09/2023,,,,,
04/10/2023,4.6281,8.74,102.578,4109.11,18.97
04/11/2023,4.6274,8.59,102.204,4108.94,19.1
04/12/2023,4.604,8.34,101.5,4091.95,19.09
04/13/2023,4.6041,8.12,101.011,4146.22,17.8
04/14/2023,4.7108,8.21,101.552,4137.64,17.07
04/15/2023,,,,,
04/16/2023,,,,,
04/17/2023,4.7625,8.23,102.103,4151.32,16.95
04/18/2023,4.7801,8.24,101.745,4154.87,16.83
04/19/2023,4.8108,8.14,101.968,4154.52,16.46
04/20/2023,4.7479,8.12,101.84,4129.79,17.17
04/21/2023,4.7764,8.12,101.822,4133.52,16.77
04/22/2023,,,,,
04/23/2023,,,,,
04/24/2023,4.747,7.94,101.348,4137.04,16.89
04/25/2023,4.6069,8.01,101.863,4071.63,18.76
04/26/2023,4.6542,8.39,101.467,4055.99,18.84
04/27/2023,4.7776,8.46,101.503,4135.35,17.03
04/28/2023,4.7674,8.25,101.659,4169.48,15.78
04/29/2023,,,,,
04/30/2023,,,,,
05/01/2023,4.8358,8.17,102.151,4167.87,16.08
05/02/2023,4.7342,7.95,101.958,4119.58,17.78
05/03/2023,4.6771,8.27,101.343,4090.75,18.34
05/04/2023,4.5944,8.33,101.399,4061.22,20.09
05/05/2023,4.7157,8.31,101.214,4136.25,17.19
05/06/2023,,,,,
05/07/2023,,,,,
05/08/2023,4.7662,8.17,101.377,4138.12,16.98
05/09/2023,4.7783,7.96,101.605,4119.17,17.71
05/10/2023,4.6998,7.97,101.477,4137.64,16.94
05/11/2023,4.6914,7.99,102.058,4130.62,16.93
05/12/2023,4.7568,8.08,102.681,4124.08,17.03
05/13/2023,,,,,
05/14/2023,,,,,
05/15/2023,4.7585,8.05,102.434,4136.28,17.12
05/16/2023,4.8151,7.68,102.564,4109.9,17.99
05/17/2023,4.867,7.63,102.882,4158.77,16.87
05/18/2023,4.9633,7.64,103.584,4198.05,16.05
05/19/2023,4.9855,7.76,103.198,4191.98,16.81
05/20/2023,,,,,
05/21/2023,,,,,
05/22/2023,5.0131,7.66,103.198,4192.63,17.21
05/23/2023,5.023,7.64,103.488,4145.58,18.53
05/24/2023,5.0892,7.69,103.887,4115.24,20.03
05/25/2023,5.2038,7.9,104.251,4151.28,19.14
05/26/2023,5.2291,7.9,104.206,4205.45,17.95
05/27/2023,,,,,
05/28/2023,,,,,
05/29/2023,,,,,
05/30/2023,5.173,7.75,104.165,4205.52,17.46
05/31/2023,5.1434,7.8,104.326,4179.83,17.94
06/01/2023,5.1059,7.75,103.56,4221.02,15.65
06/02/2023,5.2043,7.62,104.015,4282.37,14.6
06/03/2023,,,,,
06/04/2023,,,,,
06/05/2023,5.1718,7.44,104.002,4273.79,14.73
06/06/2023,5.1847,7.33,104.125,4283.85,13.96
06/07/2023,5.1934,7.24,104.099,4267.52,13.94
06/08/2023,5.162,7.03,103.343,4293.93,13.65
06/09/2023,5.2148,7.03,103.557,4298.86,13.83
06/10/2023,,,,,
06/11/2023,,,,,
06/12/2023,5.1994,6.92,103.654,4338.93,15.01
06/13/2023,5.2474,6.97,103.338,4369.01,14.61
06/14/2023,5.2727,7.05,102.948,4372.59,13.88
06/15/2023,5.2161,7.1,102.115,4425.84,14.5
06/16/2023,5.2563,7.16,102.243,4409.59,13.54
06/17/2023,,,,,
06/18/2023,,,,,
06/19/2023,,,,,
06/20/2023,5.2408,7.21,102.54,4388.71,13.88
06/21/2023,5.2464,7.24,102.071,4365.69,13.2
06/22/2023,5.29,7.19,102.386,4381.89,12.91
06/23/2023,5.272,7.42,102.903,4348.33,13.44
06/24/2023,,,,,
06/25/2023,,,,,
06/26/2023,5.2667,7.41,102.692,4328.82,14.25
06/27/2023,5.3185,7.47,102.492,4378.41,13.74
06/28/2023,5.3032,7.45,102.905,4376.86,13.43
06/29/2023,5.3955,7.63,103.342,4396.44,13.54
06/30/2023,5.3933,7.67,102.912,4450.38,13.59
07/01/2023,,,,,
07/02/2023,,,,,
07/03/2023,5.4251,7.65,102.988,4455.59,13.57
07/04/2023,,,,,
07/05/2023,5.4039,7.26,103.373,4446.82,14.18
07/06/2023,5.4241,7.36,103.166,4411.59,15.44
07/07/2023,5.4051,7.41,102.272,4398.95,14.83
07/08/2023,,,,,
07/09/2023,,,,,
07/10/2023,5.3703,7.33,101.972,4409.53,15.07
07/11/2023,5.384,7.4,101.732,4439.26,14.84
07/12/2023,5.2996,7.51,100.521,4472.16,13.54
07/13/2023,5.2268,7.34,99.77,4510.04,13.61
07/14/2023,5.3071,7.45,99.914,4505.42,13.34
07/15/2023,,,,,
07/16/2023,,,,,
07/17/2023,5.2908,7.43,99.842,4522.79,13.48
07/18/2023,5.2955,7.39,99.941,4554.98,13.3
07/19/2023,5.2972,7.42,100.281,4565.72,13.76
07/20/2023,5.3273,7.52,100.88,4534.87,13.99
07/21/2023,5.3339,7.69,101.071,4536.34,13.6
07/22/2023,,,,,
07/23/2023,,,,,
07/24/2023,5.363,7.65,101.346,4554.64,13.91
07/25/2023,5.3728,7.6,101.349,4567.46,13.86
07/26/2023,5.3541,7.68,100.887,4566.75,13.19
07/27/2023,5.3965,7.67,101.773,4537.41,14.41
07/28/2023,5.3817,7.54,101.622,4582.23,13.33
07/29/2023,,,,,
07/30/2023,,,,,
07/31/2023,5.3703,7.61,101.855,4588.96,13.63
08/01/2023,5.3847,7.5,102.303,4576.73,13.93
08/02/2023,5.3707,7.72,102.59,4513.39,16.09
08/03/2023,5.378,7.85,102.542,4501.89,15.92
08/04/2023,5.319,7.96,102.017,4478.03,17.1
08/05/2023,,,,,
08/06/2023,,,,,
08/07/2023,5.3167,7.68,102.047,4518.44,15.77
08/08/2023,5.3075,7.61,102.528,4499.38,15.99
08/09/2023,5.3292,7.68,102.49,4467.71,15.96
08/10/2023,5.3385,7.62,102.524,4468.83,15.85
08/11/2023,5.3716,,102.842,4464.05,14.84
08/12/2023,,,,,
08/13/2023,,,,,
08/14/2023,5.389,7.52,103.19,4489.72,14.82
08/15/2023,5.3793,7.64,103.209,4437.86,16.46
08/16/2023,5.3919,7.66,103.431,4404.33,16.78
08/17/2023,5.362,7.88,103.572,4370.36,17.89
08/18/2023,5.3625,7.86,103.375,4369.71,17.3
08/19/2023,,,,,
08/20/2023,,,,,
08/21/2023,5.3953,7.67,103.3,4399.77,17.13
08/22/2023,5.4158,7.56,103.563,4387.55,16.97
08/23/2023,5.3751,7.72,103.419,4436.01,15.98
08/24/2023,5.4109,7.69,103.982,4376.31,17.2
08/25/2023,5.4494,7.74,104.077,4405.71,15.68
08/26/2023,,,,,
08/27/2023,,,,,
08/28/2023,5.4427,7.56,104.058,4433.31,15.08
08/29/2023,5.3777,7.43,103.531,4497.63,14.45
08/30/2023,5.3785,7.39,103.157,4514.87,13.88
08/31/2023,5.3575,7.43,103.619,4507.66,13.57
09/01/2023,5.3692,7.34,104.236,4515.77,13.09
09/02/2023,,,,,
09/03/2023,,,,,
09/04/2023,,,,,
09/05/2023,5.4076,7.26,104.807,4496.83,14.01
09/06/2023,5.4409,7.45,104.861,4465.48,14.45
09/07/2023,5.4015,7.57,105.059,4451.14,14.4
09/08/2023,5.4142,7.62,105.09,4457.49,13.84
09/09/2023,,,,,
09/10/2023,,,,,
09/11/2023,5.4081,7.54,104.569,4487.46,13.8
09/12/2023,5.4194,7.46,104.711,4461.9,14.23
09/13/2023,5.4055,7.48,104.766,4467.44,13.48
09/14/2023,5.4154,7.47,105.405,4505.1,12.82
09/15/2023,5.4223,7.45,105.322,4450.32,13.79
09/16/2023,,,,,
09/17/2023,,,,,
09/18/2023,5.4394,7.37,105.202,4453.53,14.0
09/19/2023,5.4519,7.38,105.133,4443.95,14.11
09/20/2023,5.4916,7.3,105.328,4402.2,15.14
09/21/2023,5.4607,7.49,105.363,4330.0,17.54
09/22/2023,5.4491,7.45,105.583,4320.06,17.2
09/23/2023,,,,,
09/24/2023,,,,,
09/25/2023,5.453,7.38,105.998,4337.44,16.9
09/26/2023,5.4524,7.4,106.231,4273.53,18.94
09/27/2023,5.4922,7.68,106.666,4274.51,18.22
09/28/2023,5.4464,7.87,106.224,4299.7,17.34
09/29/2023,5.4466,7.71,106.174,4288.05,17.52
09/30/2023,,,,,
10/01/2023,,,,,
10/02/2023,5.4773,7.63,106.904,4288.39,17.61
10/03/2023,5.4932,7.94,107.0,4229.45,19.78
10/04/2023,5.4276,8.1,106.799,4263.75,18.58
10/05/2023,5.4106,7.9461,106.332,4258.19,18.49
10/06/2023,5.4569,7.87,106.044,4308.5,17.45
10/07/2023,,,,,
10/08/2023,,,,,
10/09/2023,,,,,
10/10/2023,5.3784,7.95,105.825,4358.24,17.03
10/11/2023,5.3903,7.77,105.82,4376.95,16.09
10/12/2023,5.4311,7.61,106.599,4349.61,16.69
10/13/2023,5.4197,7.77,106.648,4327.78,19.32
10/14/2023,,,,,
10/15/2023,,,,,
10/16/2023,5.4401,7.88,106.243,4373.63,17.21
10/17/2023,5.4998,7.66,106.25,4373.2,17.88
10/18/2023,5.4881,7.63,106.565,4314.6,19.22
10/19/2023,5.4389,7.79,106.253,4278.0,21.4
10/20/2023,5.4082,7.97,106.163,4224.16,21.71
10/21/2023,,,,,
10/22/2023,,,,,
10/23/2023,5.4032,8.0,105.536,4217.04,20.37
10/24/2023,5.4243,7.67,106.27,4247.68,18.97
10/25/2023,5.447,7.69,106.528,4186.77,20.19
10/26/2023,5.4102,7.93,106.602,4137.23,20.68
10/27/2023,5.3928,7.67,106.559,4117.37,21.27
10/28/2023,,,,,
10/29/2023,,,,,
10/30/2023,5.4097,7.58,106.12,4166.82,19.75
10/31/2023,5.4266,7.41,106.663,4193.8,18.14
11/01/2023,5.3669,7.68,106.884,4237.86,16.87
11/02/2023,5.3842,7.3818,106.124,4317.78,15.66
11/03/2023,5.2937,7.39,105.021,4358.34,14.91
11/04/2023,,,,,
11/05/2023,,,,,
11/06/2023,5.3392,7.33,105.215,4365.98,14.89
11/07/2023,5.3339,7.2,105.542,4378.38,14.81
11/08/2023,5.346,7.27,105.593,4382.78,14.45
11/09/2023,5.4009,7.2394,105.91,4347.35,15.29
11/10/2023,5.4096,7.2,105.861,4415.24,14.17
11/11/2023,,,,,
11/12/2023,,,,,
11/13/2023,5.3947,7.2,105.631,4411.55,14.76
11/14/2023,5.2669,7.2,104.053,4495.7,14.16
11/15/2023,5.3149,6.89,104.394,4502.88,14.18
11/16/2023,5.2764,6.87,104.349,4508.24,14.32
11/17/2023,5.3001,6.85,103.917,4514.02,13.8
11/18/2023,,,,,
11/19/2023,,,,,
11/20/2023,5.3064,6.91,103.438,4547.38,13.41
11/21/2023,5.2923,6.89,103.565,4538.19,13.35
11/22/2023,5.3082,6.87,103.92,4556.62,12.85
11/23/2023,,,,,
11/24/2023,5.3315,6.88,103.403,4559.34,12.46
11/25/2023,,,,,
11/26/2023,,,,,
11/27/2023,5.2931,6.76,103.199,4550.43,12.69
11/28/2023,5.2311,6.81,102.746,4554.89,12.69
11/29/2023,5.1732,6.88,102.765,4550.58,12.98
11/30/2023,5.1937,7.01,103.497,4567.8,12.92
12/01/2023,5.1011,7.04,103.268,4594.63,12.63
12/02/2023,,,,,
12/03/2023,,,,,
12/04/2023,,,,,
12/05/2023,,,,,
12/06/2023,,,,,
12/07/2023,,,,,
12/08/2023,,,,,
12/09/2023,,,,,
12/10/2023,,,,,
12/11/2023,,,,,
12/12/2023,,,,,
12/13/2023,,,,,
12/14/2023,,,,,
12/15/2023,,,,,
12/16/2023,,,,,
12/17/2023,,,,,
12/18/2023,,,,,
12/19/2023,,,,,
12/20/2023,,,,,
12/21/2023,,,,,
12/22/2023,,,,,
12/23/2023,,,,,
12/24/2023,,,,,
12/25/2023,,,,,
12/26/2023,,,,,
12/27/2023,,,,,
12/28/2023,,,,,
12/29/2023,,,,,
12/30/2023,,,,,
12/31/2023,,,,,
01/01/2024,,,,,
01/02/2024,,,,,
01/03/2024,,,,,
01/04/2024,,,,,
01/05/2024,,,,,
01/06/2024,,,,,
01/07/2024,,,,,
01/08/2024,,,,,
01/09/2024,4.8912,7.41,102.57,4756.5,12.76
01/10/2024,4.8807,7.33,102.362,4783.45,12.69
01/11/2024,4.8211,7.41,102.291,4780.24,12.44
01/12/2024,4.7379,7.08,102.404,4783.83,12.7
01/13/2024,,,,,
01/14/2024,,,,,
01/15/2024,,,,,
01/16/2024,4.7779,7.09,103.357,4765.98,13.84
01/17/2024,4.862,7.23,103.45,4739.21,14.79
01/18/2024,4.8597,7.2,103.536,4780.94,14.13
01/19/2024,4.8921,7.22,103.288,4839.81,13.3
01/20/2024,,,,,
01/21/2024,,,,,
01/22/2024,4.8875,7.41,103.331,4850.43,13.19
01/23/2024,4.8801,6.99,103.617,4864.6,12.55
01/24/2024,4.8937,7.04,103.236,4868.55,13.14
01/25/2024,4.8506,6.99,103.574,4894.16,13.45
01/26/2024,4.8694,7.1,103.433,4890.97,13.26
01/27/2024,,,,,
01/28/2024,,,,,
01/29/2024,4.8374,7.11,103.609,4927.93,13.6
01/30/2024,4.8682,7.17,103.397,4924.97,13.31
01/31/2024,4.7956,7.21,103.274,4845.65,14.35
02/01/2024,4.7742,7.3,103.048,4906.19,13.88
02/02/2024,4.9062,7.32,103.922,4958.61,13.85
02/03/2024,,,,,
02/04/2024,,,,,
02/05/2024,4.9592,7.34,104.452,4942.81,13.67
02/06/2024,4.9066,7.3,104.213,4954.23,13.06
02/07/2024,4.918,7.26,104.057,4995.06,12.83
02/08/2024,4.9317,7.1,104.165,4997.91,12.79
02/09/2024,4.9518,7.0067,104.111,5026.61,12.93
02/10/2024,,,,,
02/11/2024,,,,,
02/12/2024,4.9492,6.8119,104.17,5021.84,13.93
02/13/2024,5.0801,6.79,104.96,4953.17,15.85
02/14/2024,5.0297,6.83,104.723,5000.62,14.38
02/15/2024,5.0187,6.77,104.296,5029.73,14.01
02/16/2024,5.0601,6.63,104.275,5005.57,14.24
02/17/2024,,,,,
02/18/2024,,,,,
02/19/2024,,,,,
02/20/2024,5.0273,6.42,104.079,4975.51,15.42
02/21/2024,5.0627,6.39,104.006,4981.8,15.34
02/22/2024,5.0902,6.26,103.957,5087.03,14.54
02/23/2024,5.0801,6.26,103.936,5088.8,13.75
02/24/2024,,,,,
02/25/2024,,,,,
02/26/2024,5.1073,6.14,103.827,5069.53,13.74
02/27/2024,5.1074,6.02,103.829,5078.18,13.6
02/28/2024,5.0746,6.17,103.975,5069.76,13.84
02/29/2024,5.0699,6.32,104.156,5096.27,13.4
03/01/2024,5.0085,6.33,103.861,5137.08,13.11
03/02/2024,,,,,
03/03/2024,,,,,
03/04/2024,5.0548,6.24,103.832,5130.95,13.49
03/05/2024,5.0168,6.15,103.798,5078.65,14.46
03/06/2024,5.0308,6.22,103.369,5104.76,14.5
03/07/2024,5.003,6.46,102.823,5157.36,14.44
03/08/2024,4.9924,6.46,102.712,5123.69,14.74
03/09/2024,,,,,
03/10/2024,,,,,
03/11/2024,5.023,6.37,102.869,5117.94,15.22
03/12/2024,5.0586,6.35,102.957,5175.27,13.84
03/13/2024,5.0757,6.08,102.789,5165.31,13.75
03/14/2024,5.1041,6.08,103.36,5150.48,14.4
03/15/2024,5.1178,6.21,103.432,5117.09,14.41
03/16/2024,,,,,
03/17/2024,,,,,
03/18/2024,5.1192,6.04,103.579,5149.42,14.33
03/19/2024,5.1095,5.96,103.818,5178.51,13.82
03/20/2024,5.056,6.09,103.389,5224.62,13.04
03/21/2024,5.0676,5.9245,104.007,5241.53,12.92
03/22/2024,5.047,6.35,104.43,5234.18,13.06
03/23/2024,,,,,
03/24/2024,,,,,
03/25/2024,5.0589,6.3,104.224,5218.19,13.19
03/26/2024,5.06,6.06,104.298,5203.58,13.24
03/27/2024,5.0455,6.12,104.348,5248.49,12.78
03/28/2024,5.081,6.09,104.546,5254.35,13.01
03/29/2024,,,,,
03/30/2024,,,,,
03/31/2024,,,,,
04/01/2024,5.1196,6.1,105.019,5243.77,13.65
04/02/2024,5.0937,6.22,104.816,5205.81,14.61
04/03/2024,5.078,6.22,104.249,5211.49,14.33
04/04/2024,5.0489,6.13,104.121,5147.21,16.35
04/05/2024,5.1128,6.36,104.298,5204.34,16.03
04/06/2024,,,,,
04/07/2024,,,,,
04/08/2024,5.1355,6.22,104.14,5202.39,15.19
04/09/2024,5.1003,6.17,104.148,5209.91,14.98
04/10/2024,5.2535,6.21,105.245,5160.64,15.8
04/11/2024,5.2229,,105.282,5199.06,14.91
04/12/2024,5.1956,6.55,106.038,5123.41,17.31
04/13/2024,,,,,
04/14/2024,,,,,
04/15/2024,5.2116,6.79,106.208,5061.82,19.23
04/16/2024,5.2351,7.08,106.257,5051.41,18.4
04/17/2024,5.2094,7.33,105.951,5022.21,18.21
04/18/2024,5.2372,6.97,106.151,5011.12,18.0
04/19/2024,5.2271,7.17,106.154,4967.23,18.71
04/20/2024,,,,,
04/21/2024,,,,,
04/22/2024,5.2251,6.78,106.077,5010.6,16.94
04/23/2024,5.1984,6.68,105.675,5070.55,15.69
04/24/2024,5.2139,6.64,,5071.629883,15.97
04/25/2024,5.2545,6.87,105.598,5048.419922,15.37
04/26/2024,5.2558,6.87,105.938,5099.959961,15.03
04/27/2024,,,,,
04/28/2024,,,,,
04/29/2024,5.2444,7.13,105.579,5116.169922,14.67
04/30/2024,5.2837,6.9,106.221,5035.689941,15.65
05/01/2024,5.2416,7.04,105.755,5018.390137,15.39
05/02/2024,5.2026,6.98,105.299,5064.200195,14.68
05/03/2024,5.163,7.07,105.03,5127.790039,13.49
05/04/2024,,,,,
05/05/2024,,,,,
05/06/2024,5.1693,6.78,105.051,5180.740234,13.49
05/07/2024,5.1722,6.66,105.412,5187.700195,13.23
05/08/2024,5.1702,6.63,105.546,5187.669922,13.0
05/09/2024,5.1617,6.64,105.227,5214.080078,12.69
05/10/2024,5.1894,6.57,105.301,5222.680176,12.55
05/11/2024,,,,,
05/12/2024,,,,,
05/13/2024,5.1857,6.45,105.218,5221.419922,13.6
05/14/2024,5.134,6.53,105.013,5246.680176,13.42
05/15/2024,5.1191,6.51,104.345,5308.149902,12.45
05/16/2024,5.1519,6.36,104.462,5297.100098,12.42
05/17/2024,5.1701,6.2011,104.445,5303.27002,11.99
05/18/2024,,,,,
05/19/2024,,,,,
05/20/2024,5.1819,6.2,104.565,5308.129883,12.15
05/21/2024,5.1699,6.1139,104.661,5321.410156,11.86
05/22/2024,5.1963,6.11,104.933,5307.009766,12.29
05/23/2024,5.2269,6.18,105.108,5267.839844,12.77
05/24/2024,5.2383,6.29,104.724,5304.720215,11.93
05/25/2024,,,,,
05/26/2024,,,,,
05/27/2024,,,,,
05/28/2024,5.2532,6.05,104.614,5306.040039,12.92
05/29/2024,5.2574,6.22,105.122,5266.950195,14.28
05/30/2024,5.23,6.36,104.716,5235.47998,14.47
05/31/2024,5.206,6.26,104.671,5277.509766,12.92
06/01/2024,,,,,
06/02/2024,,,,,
06/03/2024,5.1785,6.22,104.14,5283.399902,13.11
06/04/2024,5.1486,6.22,104.11,5291.339844,13.16
06/05/2024,5.1262,6.32,104.268,5354.029785,12.63
06/06/2024,5.1238,6.29,104.102,5352.959961,12.58
06/07/2024,5.2162,6.26,104.885,5346.990234,12.22
06/08/2024,,,,,
06/09/2024,,,,,
06/10/2024,5.21,6.41,105.15,5360.790039,12.74
06/11/2024,5.1865,6.49,105.23,5375.319824,12.85
06/12/2024,5.1604,6.74,104.645,5421.029785,12.04
06/13/2024,5.1123,6.49,105.196,5433.740234,11.94
06/14/2024,5.117,6.83,105.55,5431.600098,12.66
06/15/2024,,,,,
06/16/2024,,,,,
06/17/2024,5.1527,7.11,105.32,5473.22998,12.75
06/18/2024,5.1231,6.9,105.256,5487.029785,12.3
06/19/2024,,,,,
06/20/2024,5.1226,6.84,105.588,5473.169922,13.28
06/21/2024,5.1187,6.94,105.796,5464.62,13.2
06/22/2024,,,,,
06/23/2024,,,,,
06/24/2024,5.1144,7.04,105.473,5447.87,13.33
06/25/2024,5.114,6.81,105.607,5469.3,12.84
06/26/2024,5.141,6.9532,106.052,5477.9,12.55
06/27/2024,5.1243,6.94,105.906,5482.87,12.24
06/28/2024,5.1344,6.96,105.866,5460.48,12.44
06/29/2024,,,,,
06/30/2024,,,,,
07/01/2024,5.1463,6.7,105.901,5475.09,12.22
07/02/2024,5.1263,6.69,105.722,5509.01,12.03
07/03/2024,5.1086,6.57,105.403,5537.02,12.09
07/04/2024,,,,,
07/05/2024,5.0456,6.4598,104.875,5567.19,12.48
07/06/2024,,,,,
07/07/2024,,,,,
07/08/2024,5.0553,6.2213,105.0,5572.85,12.37
07/09/2024,5.058,6.17,105.129,5576.98,12.51
07/10/2024,5.0583,6.17,105.048,5633.91,12.85
07/11/2024,4.9702,6.17,104.44,5584.54,12.92
07/12/2024,4.9384,6.12,104.093,5615.35,12.46
07/13/2024,,,,,
07/14/2024,,,,,
07/15/2024,4.9205,6.13,104.189,5631.22,13.12
07/16/2024,4.9046,6.16,104.27,5667.2,13.19
07/17/2024,4.9073,6.2,103.748,5588.27,14.48
07/18/2024,4.9274,6.35,104.173,5544.59,15.93
07/19/2024,4.9341,6.39,104.396,5505.0,16.52
07/20/2024,,,,,
07/21/2024,,,,,
07/22/2024,4.9375,6.41,104.314,5564.41,14.91
07/23/2024,4.913,6.32,104.45,5555.74,14.72
07/24/2024,4.8902,6.5,104.391,5427.13,18.04
07/25/2024,4.8922,6.6,104.355,5399.22,18.46
07/26/2024,4.859,6.84,104.316,5459.1,16.39
07/27/2024,,,,,
07/28/2024,,,,,
07/29/2024,4.8567,6.7,104.564,5463.54,16.6
07/30/2024,4.8372,6.73,104.554,5436.44,17.69
07/31/2024,4.7803,6.82,104.096,5522.3,16.36
08/01/2024,4.6931,7.03,104.421,5446.68,18.59
08/02/2024,4.435,7.25,103.208,5346.56,23.39
08/03/2024,,,,,
08/04/2024,,,,,
08/05/2024,4.4347,8.11,102.689,5186.33,38.57
08/06/2024,4.5289,8.05,102.969,5240.03,27.71
08/07/2024,4.522,8.0,103.197,5199.5,27.85
08/08/2024,4.5558,8.27,103209.0,5319.31,23.79
08/09/2024,4.5738,8.0222,103135.0,5344.16,20.37
08/10/2024,,,,,
08/11/2024,,,,,
08/12/2024,4.5481,7.9,103139.0,5344.39,20.71
08/13/2024,4.4906,7.99,102559.0,5434.43,18.12
08/14/2024,4.505,7.941,102568.0,5455.21,16.19
08/15/2024,4.5957,7.7,102977.0,5543.22,15.23
08/16/2024,4.5542,7.42,102463.0,5554.25,14.8
08/17/2024,,,,,
08/18/2024,,,,,
08/19/2024,4.5573,7.73,101886.0,5608.25,14.65
08/20/2024,4.508,7.7,101441.0,5597.12,15.88
08/21/2024,4.4474,7.8449,101039.0,5620.85,16.27
08/22/2024,4.5096,7.8476,101508.0,5570.64,17.55
08/23/2024,4.4309,7.83,100718.0,5634.61,15.86
08/24/2024,,,,,
08/25/2024,,,,,
08/26/2024,4.4505,8.02,100851.0,5616.84,16.15
08/27/2024,4.4149,7.92,100552.0,5625.8,15.43
08/28/2024,4.4175,8.03,101094.0,5592.18,17.11
08/29/2024,4.4353,8.0075,101343.0,5591.96,15.65
08/30/2024,4.4442,8.0155,101698.0,5648.4,15.0
08/31/2024,,,,,
09/01/2024,,,,,
09/02/2024,,,,,
09/03/2024,4.3964,7.8412,101825.0,5528.93,20.72
09/04/2024,4.3027,7.96,101358.0,5520.07,21.32
09/05/2024,4.2897,8.05,101107.0,5503.41,19.9
09/06/2024,4.2197,8.18,101177.0,5408.42,22.38
09/07/2024,,,,,
09/08/2024,,,,,
09/09/2024,4.2292,7.9,101552.0,5471.05,19.45
09/10/2024,4.1708,7.74,101630.0,5495.52,19.08
09/11/2024,4.2191,7.96,101684.0,5554.13,17.69
09/12/2024,4.2004,7.7551,101366.0,5595.76,17.07
09/13/2024,4.1223,7.93,101114.0,5626.02,16.56
09/14/2024,,,,,
09/15/2024,,,,,
09/16/2024,4.0727,7.97,100763.0,5633.09,17.14
09/17/2024,4.0922,7.9109,100894.0,5634.58,17.61
09/18/2024,4.0697,7.9227,100596.0,5618.26,18.23
09/19/2024,4.0376,7.85,100614.0,5713.64,16.33
09/20/2024,4.0177,7.74,100723.0,5702.55,16.15
09/21/2024,,,,,
09/22/2024,,,,,
09/23/2024,4.0076,7.73,100851.0,5718.57,15.89
09/24/2024,3.9609,7.79,100466.0,5732.93,15.39
09/25/2024,3.9828,7.87,100912.0,5722.26,15.41
09/26/2024,4.0301,7.93,100562.0,5745.37,15.37
09/27/2024,3.98,8.1,100381.0,5738.17,16.96
09/28/2024,,,,,
09/29/2024,,,,,
09/30/2024,4.0476,8.09,100779.0,5762.48,16.73
10/01/2024,4.0187,8.1,101194.0,5708.75,19.26
10/02/2024,4.0295,,101677.0,5709.54,18.9
10/03/2024,4.0719,8.35,101.989,5699.94,20.49
10/04/2024,4.2396,8.35,102.52,5751.07,19.21
10/05/2024,,,,,
10/06/2024,,,,,
10/07/2024,4.2881,8.09,102.537,5695.94,22.64
10/08/2024,4.2645,8.093,102.549,5751.13,21.42
10/09/2024,4.3036,7.98,102.928,5792.04,20.86
10/10/2024,4.2686,7.94,102.988,5780.05,20.93
10/11/2024,4.2446,7.858,102.89,5815.03,20.46
10/12/2024,,,,,
10/13/2024,,,,,
10/14/2024,,,,,
10/15/2024,4.2536,7.7233,103.261,5815.26,20.64
10/16/2024,4.2332,7.72,103.59,5842.47,19.58
10/17/2024,4.2631,7.85,103.825,5841.47,19.11
10/18/2024,4.2458,7.95,103.493,5864.67,18.03
10/19/2024,,,,,
10/20/2024,,,,,
10/21/2024,4.2949,7.8424,104.012,5853.98,18.37
10/22/2024,4.2976,7.98,104.075,5851.2,18.2
10/23/2024,4.3179,8.13,104.431,5797.42,19.24
10/24/2024,4.308,8.4123,104.058,5809.86,19.08
10/25/2024,4.3304,8.33,104.257,5808.12,20.33
10/26/2024,,,,,
10/27/2024,,,,,
10/28/2024,4.3423,8.37,104.316,5823.52,19.8
10/29/2024,4.3265,8.49,104.316,5832.92,19.34
10/30/2024,4.3535,8.57,103.994,5813.67,20.35
10/31/2024,4.3375,8.4,103.976,5705.45,23.16
11/01/2024,4.3519,8.5,104.282,5728.8,21.88
11/02/2024,,,,,
11/03/2024,,,,,
11/04/2024,4.3294,8.49,103.885,5712.69,21.98
11/05/2024,4.3452,8.45,103.423,5782.76,20.49
11/06/2024,4.3862,7.92,105.088,5929.04,16.27
11/07/2024,4.3454,7.98,104.508,5973.1,15.2
11/08/2024,4.3822,7.57,104.997,5995.54,14.94
11/09/2024,,,,,
11/10/2024,,,,,
11/11/2024,,,,,
11/12/2024,4.4324,8.0649,106.024,5983.99,14.71
11/13/2024,4.3667,8.03,106.481,5985.38,14.02
11/14/2024,4.4287,8.09,106.673,5949.17,14.31
11/15/2024,4.4025,8.1256,106.687,5870.62,16.14
11/16/2024,,,,,
11/17/2024,,,,,
11/18/2024,4.3907,8.27,106.275,5893.62,15.58
11/19/2024,4.3959,8.0997,106.206,5916.98,16.35
11/20/2024,4.4199,8.06,106.68,5917.11,17.16
11/21/2024,4.439,8.3704,106.972,5948.71,16.87
11/22/2024,4.4591,8.45,107.554,5969.34,15.24
11/23/2024,,,,,
11/24/2024,,,,,
11/25/2024,4.4092,8.4,106.817,5987.37,14.6
11/26/2024,4.411,8.46,107.013,6021.63,14.1
11/27/2024,4.3869,8.526,106.084,5998.74,14.1
11/28/2024,,,,,
11/29/2024,4.349,8.58,105.737,6032.38,13.51
11/30/2024,,,,,
12/01/2024,,,,,
12/02/2024,4.3489,8.56,106.446,6047.15,13.34
12/03/2024,4.3323,8.72,106.365,6049.88,13.3
12/04/2024,4.2956,8.66,106.321,6086.49,13.45
12/05/2024,4.303,8.56,105.714,6075.11,13.54
12/06/2024,4.2533,8.23,106.055,6090.27,12.77
12/07/2024,,,,,
12/08/2024,,,,,
12/09/2024,4.265,8.12,106.145,6052.85,14.19
12/10/2024,4.2707,8.2,106.399,6034.91,14.18
12/11/2024,4.2646,8.2,106.71,6084.19,13.58
12/12/2024,4.2796,8.2,106.956,6051.25,13.92
12/13/2024,4.2963,8.2,107.003,6051.09,13.81
12/14/2024,,,,,
12/15/2024,,,,,
12/16/2024,4.2896,8.2,106.858,6074.08,14.69
12/17/2024,4.2876,8.23,106.956,6050.61,15.87
12/18/2024,4.3426,8.42,108.027,5872.16,27.62
12/19/2024,4.3119,8.58,108.408,5867.08,24.09
12/20/2024,4.3082,8.91,107.621,5930.85,18.36
12/21/2024,,,,,
12/22/2024,,,,,
12/23/2024,4.3232,8.8493,108.037,5974.07,16.78
12/24/2024,4.3143,8.79,108.257,6040.04,14.27
12/25/2024,,,,,
12/26/2024,4.3101,8.75,108.129,6037.59,14.73
12/27/2024,4.2947,8.7,107.998,5970.84,15.95
12/28/2024,,,,,
12/29/2024,,,,,
12/30/2024,4.2543,8.7,108.13,5906.94,17.4
12/31/2024,4.2435,8.75,108.487,5881.63,17.35
01/01/2025,,,,,
01/02/2025,4.249,8.68,109.394,5868.55,17.93
01/03/2025,4.2598,8.87,108.952,5942.47,16.13
01/04/2025,,,,,
01/05/2025,,,,,
01/06/2025,4.253,8.74,108.257,5975.38,16.04
01/07/2025,4.2709,8.35,108.542,5909.03,17.82
01/08/2025,4.2619,8.28,109.09,5918.25,17.7
01/09/2025,4.2523,8.62,109.179,,18.07
01/10/2025,4.3203,8.7,109.65,5827.04,19.54
01/11/2025,,,,,
01/12/2025,,,,,
01/13/2025,4.3323,8.84,109.956,5836.22,19.19
01/14/2025,4.322,8.85,109.273,5842.91,18.71
01/15/2025,4.2718,8.82,109.09,5949.91,16.12
01/16/2025,4.2569,8.71,108.957,5937.34,16.6
01/17/2025,4.2798,8.66,109.347,5996.66,15.97
01/18/2025,,,,,
01/19/2025,,,,,
01/20/2025,,,,,
01/21/2025,4.2806,8.24,108.062,6049.24,15.06
01/22/2025,4.2958,7.89,108.167,6086.37,15.1
01/23/2025,4.2861,7.89,108.047,6118.71,15.02
01/24/2025,4.2748,7.86,107.443,6101.24,14.85
01/25/2025,,,,,
01/26/2025,,,,,
01/27/2025,4.2346,7.73,107.341,6012.28,17.9
01/28/2025,4.2368,,107.866,6067.7,16.41
01/29/2025,4.262,7.93,108.0,6039.31,16.56
01/30/2025,4.2526,7.92,107.797,6071.17,15.84
01/31/2025,4.2529,8.03,108.37,6040.53,16.43
02/01/2025,,,,,
02/02/2025,,,,,
02/03/2025,4.2863,8.48,108.99,5994.57,18.62
02/04/2025,4.2625,8.16,107.96,6037.88,17.21
02/05/2025,4.2505,8.08,107.579,6061.48,15.77
02/06/2025,4.2649,8.14,107.689,6083.57,15.5
02/07/2025,4.3154,8.31,108.04,6025.99,16.54
02/08/2025,,,,,
02/09/2025,,,,,
02/10/2025,4.3105,8.3197,108.319,6066.44,15.81
02/11/2025,4.3169,8.1817,107.963,6068.5,16.02
02/12/2025,4.3593,8.067,107.938,6051.97,15.89
02/13/2025,4.3332,8.0847,107.313,6115.07,15.1
02/14/2025,4.3007,7.7578,106.71,6114.63,14.77
02/15/2025,,,,,
02/16/2025,,,,,
02/17/2025,,,,,
02/18/2025,4.3203,7.54,107.054,6129.58,15.35
02/19/2025,4.3,7.56,107.173,6144.15,15.27
02/20/2025,4.2968,7.8,106.372,6117.52,15.66
02/21/2025,4.2512,7.78,106.612,6013.13,18.21
02/22/2025,,,,,
02/23/2025,,,,,
02/24/2025,4.2408,7.9,106.596,5983.25,18.98
02/25/2025,4.2046,7.86,106.308,5955.25,19.43
02/26/2025,4.1994,7.94,106.416,5956.06,19.1
02/27/2025,4.1934,7.91,107.244,5861.57,21.13
02/28/2025,4.1497,8.09,107.614,5954.5,19.63
03/01/2025,,,,,
03/02/2025,,,,,
